created_time,_id,positive,negative,neutral,compound,subjectivity,flair,flair score,aspect terms,aspect tb polarity,aspect tb subjectivity,aspect flair,lexicon score
2016-06-02T07:42:28+0000,,0,0,1,0,0,POSITIVE,0.939649999141693,,0,0,0,0
2016-07-01T06:15:26+0000,,0.152,0.115,0.733,0.1779,0.6,NEGATIVE,-0.915329456329346,good/good/good/good/good/good/good/good/good/good/,0.7,0.6,0.931395292282105,0.0727
2017-03-25T18:33:19+0000,,0,0.16,0.84,-0.743,0.36,NEGATIVE,-0.955536842346191,reasonable/reasonable/reasonable/reasonable/reasonable/reasonable/reasonable/reasonable/reasonable/reasonable/reasonable/reasonable/reasonable/reasonable/reasonable/reasonable/reasonable/reasonable/reasonable/reasonable/reasonable/reasonable/reasonable/reasonable/religious/religious/religious/religious/religious/,0.16551724137931,0.539655172413793,0.94583176538862,-0.1851
2016-07-20T14:08:42+0000,,0,0.237,0.763,-0.5659,0.6,NEGATIVE,-0.990842223167419,too old/,0.1,0.2,-0.99983823299408,-0.159
2017-02-07T23:15:45+0000,,0.111,0,0.889,0.3612,1,NEGATIVE,-0.668738067150116,final/final/,0,1,0.955391883850098,0.1952
2017-01-15T10:01:04+0000,,0.259,0,0.741,0.2732,0,POSITIVE,0.984713613986969,,0,0,0,0.0809
2016-11-09T21:37:53+0000,,0,0,1,0,0,NEGATIVE,-0.554620087146759,,0,0,0,0
2016-11-17T19:05:11+0000,,0,0,1,0,0,NEGATIVE,-0.998479306697846,,0,0,0,0.0633
2016-11-16T20:11:30+0000,,0.043,0.248,0.709,-0.9186,0.333333333333333,NEGATIVE,-0.999970078468323,own/own/barbaric/barbaric/barbaric/barbaric/barbaric/barbaric/barbaric/barbaric/barbaric/barbaric/barbaric/barbaric/barbaric/barbaric/british/british/,0.0666666666666667,0.111111111111111,-0.564152273866865,-0.9082
2017-01-26T12:15:43+0000,,0,0,1,0,0,POSITIVE,0.961418688297272,,0,0,0,0.0404
2016-06-03T23:49:19+0000,,0.079,0.128,0.793,-0.34,0.95,NEGATIVE,-0.981062948703766,massive/massive/massive/massive/massive/massive/massive/massive/,0,1,-0.953988969326019,-0.1953
2017-03-09T14:28:11+0000,,0.237,0,0.763,0.4767,1,POSITIVE,0.977975785732269,proud/proud/proud/proud/,0.8,1,0.993694365024567,0.2426
2016-05-31T06:08:35+0000,,0,0,1,0,0,POSITIVE,0.975818395614624,,0,0,0,0
2017-02-28T16:10:29+0000,,0.425,0,0.575,0.5719,1,POSITIVE,0.994432747364044,happy/happy/happy/happy/,0.8,1,0.983936667442322,0.0728
2017-02-10T09:44:26+0000,,0,0.16,0.84,-0.0857,0.1,NEGATIVE,-0.997065365314484,,0,0,0,-0.1434
2017-03-25T01:40:16+0000,,0,0.217,0.783,-0.3597,0,NEGATIVE,-0.998818814754486,Vulcan/Vulcan/Vulcan/Vulcan/Vulcan/Vulcan/,0,0,0.851044237613678,-0.296
2016-08-30T11:42:08+0000,,0,0,1,0,0,NEGATIVE,-0.999118506908417,Islamic/,0,0,0.968011558055878,-0.0459
2017-01-23T15:31:47+0000,,0.257,0,0.743,0.4939,0.657142857142857,POSITIVE,0.986556708812714,fair/fair/fair/fair/fair/fair/fair/fair/fair/fair/fair/fair/fair/,0.7,0.9,-0.995151519775391,0.3484
2016-08-08T14:49:00+0000,,0.115,0,0.885,0.3818,0,NEGATIVE,-0.999143362045288,so pissy/so pissy/so pissy/so pissy/so pissy/so pissy/so pissy/so pissy/so pissy/so pissy/so pissy/barbaric/barbaric/barbaric/barbaric/barbaric/barbaric/,0,0,-0.999958725536571,0.422
2016-07-26T14:23:08+0000,,0,0.208,0.792,-0.743,0.5,NEGATIVE,-0.999954342842102,civil/civil/civil/civil/civil/civil/civil/civil/civil/European/European/European/barbaric/barbaric/barbaric/barbaric/barbaric/barbaric/barbaric/barbaric/barbaric/barbaric/barbaric/barbaric/barbaric/,0,0,-0.0736811518669129,-0.4242
2016-06-17T10:58:25+0000,,0,0.333,0.667,-0.7579,0.5,NEGATIVE,-0.999792397022247,most barbaric/most barbaric/imaginable/imaginable/imaginable/imaginable/imaginable/imaginable/imaginable/,0.111111111111111,0.111111111111111,0.555384417374929,nan
2016-07-25T16:46:12+0000,,0,0.492,0.508,-0.7717,0.791666666666667,NEGATIVE,-0.995289087295532,Hysterical/Hysterical/Hysterical/Hysterical/Hysterical/Hysterical/Hysterical/absolutly ridiculous/absolutly ridiculous/contradictory/contradictory/contradictory/other/other/,-0.565476190476191,0.696428571428571,0.0317637324333191,-0.291
2017-03-17T17:05:55+0000,,0.744,0,0.256,0.4404,0.888888888888889,NEGATIVE,-0.986921668052673,,0,0,0,0.1023
2016-10-06T16:11:30+0000,,0,0.196,0.804,-0.875,0.3875,NEGATIVE,-0.999990105628967,total/total/total/total/total/total/total/total/total/total/total/total/total/total/total/total/total/total/total/total/total/total/total/total/total/total/total/total/filthier/filthier/filthier/filthier/filthier/filthier/filthier/filthier/filthier/filthier/filthier/filthier/filthier/filthier/filthier/filthier/filthier/filthier/filthier/filthier/filthier/filthier/,0,0.42,0.118067090511322,-0.773
2017-02-28T16:10:29+0000,,0,0.18,0.82,-0.6705,0.208333333333333,NEGATIVE,-0.975097894668579,enough/enough/enough/enough/enough/enough/enough/enough/enough/British/British/British/British/British/paranoid/paranoid/paranoid/paranoid/paranoid/paranoid/paranoid/paranoid/paranoid/foreign/foreign/,-0.01,0.19,-0.460365831851959,-0.3516
2017-02-15T08:54:00+0000,,0,0,1,0,0,POSITIVE,0.770731389522553,,0,0,0,0
2017-02-21T11:40:17+0000,,0,0,1,0,0.678571428571429,NEGATIVE,-0.996744513511658,only partly right/only partly right/only partly right/only partly right/only partly right/only partly right/only partly right/many/many/many/many/many/many/many/many/many/,0.34375,0.6171875,0.110648792237043,0.3706
2016-11-16T19:47:34+0000,,0,0.375,0.625,-0.4588,0,NEGATIVE,-0.994694530963898,,0,0,0,-0.4118
2016-06-22T08:46:56+0000,,0.158,0.103,0.738,0.2528,0.5,NEGATIVE,-0.991022050380707,more/more/more/more/more/more/more/more/more/more/more/more/,0.5,0.5,0.992647409439087,0.1964
2016-03-19T10:24:53+0000,,0,0,1,0,0,POSITIVE,0.955207228660584,,0,0,0,0
2017-01-26T11:09:19+0000,,0,0,1,0,0,POSITIVE,0.914583086967468,,0,0,0,0
2016-06-08T14:15:44+0000,,0,0,1,0,0,POSITIVE,0.979877531528473,,0,0,0,0
2017-03-23T11:24:35+0000,,0,0.328,0.672,-0.5994,0,NEGATIVE,-0.99976259469986,barbaric/,0,0,-0.999966979026794,-0.617
2017-02-28T16:10:29+0000,,0.171,0.083,0.746,0.5647,0.48125,NEGATIVE,-0.671673536300659,comfortable/comfortable/comfortable/generous/generous/generous/generous/generous/generous/generous/generous/generous/generous/ok/ok/ok/ok/ok/ok/foreign/foreign/,0.188095238095238,0.269047619047619,0.671500194640387,-0.0011
2016-06-18T13:08:13+0000,,0,0.273,0.727,-0.7761,0,NEGATIVE,-0.998975396156311,,0,0,0,-0.7396
2016-06-08T14:15:44+0000,,0,0,1,0,0.3,NEGATIVE,-0.99958723783493,short/short/short/short/short/short/short/short/short/short/short/short/short/short/,0,0.3,-0.983299076557159,0.1341
2017-03-10T09:38:52+0000,,0,0,1,0,0,POSITIVE,0.999583303928375,,0,0,0,0
2017-01-15T14:42:00+0000,,0.068,0.077,0.855,-0.0772,0.32962962962963,NEGATIVE,-0.999990224838257,sure/sure/sure/sure/sure/sure/sure/sure/proper/proper/proper/proper/botanical/botanical/botanical/botanical/botanical/botanical/botanical/botanical/botanical/botanical/botanical/botanical/thorn/thorn/thorn/thorn/thorn/thorn/thorn/thorn/,0.125,0.234722222222222,0.515953980386257,0.0803
2016-06-24T22:44:39+0000,,0.211,0.119,0.67,0.4215,0.375,POSITIVE,0.959860622882843,great/great/great/great/great/great/great/,0.8,0.75,0.99007648229599,-0.0745
2016-06-24T16:29:27+0000,,0.487,0,0.513,0.2263,0.9,POSITIVE,0.990433216094971,surprised/,0.1,0.9,0.993702530860901,0.0605
2016-11-20T05:11:07+0000,,0,0,1,0,0,POSITIVE,0.923136532306671,,0,0,0,0.0328
2016-06-20T01:55:19+0000,,0,0.189,0.811,-0.5423,1,NEGATIVE,-0.999491572380066,barbaric/barbaric/barbaric/barbaric/barbaric/barbaric/barbaric/civilised/civilised/,0,0,-0.561283018853929,0.0897
2016-06-08T14:15:44+0000,,0,0.161,0.839,-0.6124,0,POSITIVE,0.990700542926788,,0,0,0,0.1596
2016-10-28T11:11:50+0000,,0,0,0,0,0,POSITIVE,0.646349966526032,,0,0,0,0
2016-08-14T11:45:48+0000,,0,0.078,0.922,-0.2755,0.5,POSITIVE,0.5209099650383,own/own/,0.6,1,0.966281414031982,0.3013
2017-02-14T17:55:41+0000,,0,0,1,0,0.227272727272727,POSITIVE,0.873435139656067,new/new/new/new/new/new/new/new/new/new/new/new/new/new/new/new/new/new/,0.136363636363636,0.454545454545454,0.998695313930512,0.2387
2017-03-11T19:38:43+0000,,0,0,1,0,0,NEGATIVE,-0.996258854866028,,0,0,0,0.0738
2016-06-24T20:05:26+0000,,0,0.444,0.556,-0.296,0,POSITIVE,0.732786893844605,,0,0,0,0.0043
2016-11-20T21:16:55+0000,,0,0,1,0,0.5,POSITIVE,0.984777331352234,,0,0,0,-0.0831
2017-03-14T21:22:14+0000,,0,0,1,0,0.5125,POSITIVE,0.809808492660523,whole/whole/whole/whole/whole/able/able/able/able/able/able/able/,0.375,0.53125,0.991843417286873,nan
2016-05-14T19:57:21+0000,,0,0,1,0,0,NEGATIVE,-0.997862756252289,,0,0,0,0
2016-11-17T09:55:09+0000,,0,0.276,0.724,-0.7906,0.6875,NEGATIVE,-0.99824845790863,,0,0,0,-0.7535
2016-11-13T12:51:45+0000,,0.324,0,0.676,0.7717,0.55,POSITIVE,0.994796335697174,ready/ready/ready/ready/ready/ready/ready/ready/ready/ready/ready/,0.2,0.5,0.947478175163269,0.7092
2016-06-22T09:52:27+0000,,0,0,1,0,0,NEGATIVE,-0.992923736572266,,0,0,0,0
2016-10-24T17:31:05+0000,,0,0.306,0.694,-0.296,0,NEGATIVE,-0.999969124794006,,0,0,0,0.0163
2016-05-31T21:57:08+0000,,0.356,0,0.644,0.6844,0.4,NEGATIVE,-0.997118234634399,alive/alive/alive/alive/alive/alive/alive/alive/alive/alive/alive/alive/alive/,0.1,0.4,0.999051630496979,0.562
2017-03-23T11:24:35+0000,,0,0.328,0.672,-0.5994,0,NEGATIVE,-0.99976259469986,barbaric/,0,0,-0.999966979026794,-0.617
2016-06-21T11:07:25+0000,,0,0,1,0,0,NEGATIVE,-0.631761014461517,,0,0,0,0.2376
2016-12-27T16:05:26+0000,,0.079,0.034,0.888,0.4997,0.8,POSITIVE,0.998332440853119,prepared/prepared/prepared/prepared/prepared/prepared/prepared/prepared/,0,0,0.991618990898132,0.3457
2017-01-23T16:42:43+0000,,0,0,1,0,0,POSITIVE,0.95860767364502,,0,0,0,0
2016-09-24T14:51:11+0000,,0,0.32,0.68,-0.5106,0,NEGATIVE,-0.994632363319397,,0,0,0,-0.5106
2016-08-12T01:34:43+0000,,0,0.206,0.794,-0.6917,0.416666666666667,NEGATIVE,-0.997079133987427,total/total/total/total/total/total/total/Christian/Christian/Christian/Christian/Christian/Christian/Christian/Christian/Christian/Christian/Christian/Christian/Christian/Christian/Christian/Christian/Christian/Islamic/Islamic/,0,0.201923076923077,0.992598925645535,-0.5021
2016-07-25T11:14:57+0000,,0,0,1,0,0,NEGATIVE,-0.998587906360626,,0,0,0,0.0697
2016-05-31T19:32:18+0000,,0.223,0,0.777,0.9098,0.666666666666667,POSITIVE,0.988029778003693,quite happy/quite happy/quite happy/quite happy/quite happy/quite happy/quite happy/quite happy/quite happy/quite happy/quite happy/quite happy/quite happy/quite happy/quite happy/quite happy/quite happy/quite happy/quite happy/quite happy/quite happy/quite happy/quite happy/quite happy/quite happy/quite happy/quite happy/quite happy/quite happy/quite happy/quite happy/quite happy/quite happy/quite happy/quite happy/quite happy/quite happy/quite happy/quite happy/quite happy/quite happy/quite happy/quite happy/quite happy/quite happy/,0.8,1,0.993886172771454,0.863
2017-02-02T00:45:57+0000,,0,0.317,0.683,-0.5023,0.9,NEGATIVE,-0.913868069648743,careless/careless/careless/careless/,-0.5,0.9,-0.999060094356537,-0.0391
2017-02-10T09:38:51+0000,,0.073,0,0.927,0.0258,0.6875,NEGATIVE,-0.99997091293335,Silly/little/little/little/little/little/little/little/little/little/little/little/little/little/little/little/,-0.20703125,0.5234375,-0.715784166008234,0.0009
2016-07-25T16:46:12+0000,,0.074,0.111,0.815,-0.1078,0,NEGATIVE,-0.99982613325119,Celtic/Celtic/Celtic/Celtic/Celtic/Celtic/Celtic/Celtic/Celtic/Celtic/Celtic/Celtic/Celtic/Celtic/,0,0,0.992025434970856,0.8354
2017-03-15T00:04:12+0000,,0.159,0,0.841,0.624,0.23125,NEGATIVE,-0.998667716979981,quite previously clear/quite previously clear/quite previously clear/quite previously clear/quite previously clear/quite previously clear/quite previously clear/quite previously clear/quite previously clear/quite previously clear/quite previously clear/quite previously clear/quite previously clear/quite previously clear/quite previously clear/quite previously clear/quite previously clear/quite previously clear/quite previously clear/financial/financial/other/other/other/other/,0.056,0.351333333333333,0.967205989360809,0.4368
2016-05-31T06:08:35+0000,,0,0,1,0,0,NEGATIVE,-0.964743614196777,,0,0,0,0
2016-07-01T12:06:51+0000,,0,0,1,0,0,POSITIVE,0.575953423976898,,0,0,0,0.0215
2017-02-23T01:10:48+0000,,0,0.2,0.8,-0.6705,0,NEGATIVE,-0.997225701808929,,0,0,0,-0.5763
2017-03-11T08:07:17+0000,,0.116,0.24,0.644,-0.4404,0.55,NEGATIVE,-0.998015642166138,extra/extra/extra/extra/extra/extra/extra/extra/extra/extra/extra/extra/extra/extra/extra/stupid/stupid/,-0.0941176470588235,0.205882352941176,0.761927604675293,0.2581
2016-11-27T17:38:44+0000,,0,0,1,0,0,NEGATIVE,-0.992839932441711,,0,0,0,0.1109
2016-03-08T10:16:17+0000,,0,0.281,0.719,-0.5994,0.8,NEGATIVE,-0.999775111675263,disastrous/disastrous/disastrous/disastrous/,-0.7,0.8,-0.99994707107544,0.1515
2016-12-04T06:22:06+0000,,0.198,0,0.802,0.6369,0.441666666666667,POSITIVE,0.977014362812042,Many/Many/Many/Many/Many/Many/Many/Many/Many/Many/Many/Many/Many/Many/Many/able/able/able/able/able/able/able/able/able/,0.5,0.546875,0.948192812502384,0.7136
2016-06-24T20:00:02+0000,,0,0,1,0,0,POSITIVE,0.998131930828095,,0,0,0,0.0457
2017-01-04T03:35:01+0000,,0.162,0,0.838,0.4404,1,POSITIVE,0.937897622585297,pleased/pleased/pleased/pleased/,0.5,1,0.982549667358398,0.0872
2017-01-09T23:29:38+0000,,0,0,1,0,0,NEGATIVE,-0.966236114501953,barbaric/barbaric/barbaric/barbaric/barbaric/barbaric/,0,0,-0.999966979026794,0.1131
2017-02-28T15:34:55+0000,,0,0.713,0.287,-0.8155,0.95,NEGATIVE,-0.999442398548126,so cruel/so cruel/wrong/,-0.833333333333333,0.966666666666667,-0.997912446657817,0.0323
2017-03-26T12:38:48+0000,,0.286,0,0.714,0.34,0,NEGATIVE,-0.97410923242569,,0,0,0,0.3228
2016-11-20T22:44:19+0000,,0,0,1,0,0,NEGATIVE,-0.936221063137054,,0,0,0,0.1236
2016-06-22T21:53:24+0000,,0.128,0.065,0.807,0.4215,0.407142857142857,NEGATIVE,-0.999745190143585,pure/British/British/British/British/British/,0.0357142857142857,0.0833333333333333,0.963158130645752,-0.152
2017-03-26T10:40:20+0000,,0,0.106,0.894,-0.4939,0.29,NEGATIVE,-0.995958745479584,current/current/pale/pale/pale/,-0.126,0.268,-0.203833878040314,-0.4102
2016-03-06T22:48:24+0000,,0,0,1,0,0,POSITIVE,0.989564895629883,,0,0,0,0.4664
2016-06-13T11:38:48+0000,,0.099,0.289,0.612,-0.6808,0.488888888888889,NEGATIVE,-0.952343821525574,Better/Better/Better/Better/Better/Better/Better/Better/Better/Better/afraid/unsure/nervous/uncalculating/,0.314285714285714,0.421428571428571,0.547651167426791,-0.517
2017-02-10T09:42:56+0000,,0.133,0.087,0.78,0.25,0,NEGATIVE,-0.970595121383667,sneaky/sneaky/sneaky/sneaky/sneaky/sneaky/sneaky/sneaky/sneaky/sneaky/next/next/next/next/next/next/next/next/,0,0,0.821298076046838,0.5885
2017-01-01T00:54:15+0000,,0,0,1,0,0,POSITIVE,0.505508065223694,,0,0,0,0
2016-05-31T06:08:35+0000,,0,0,1,0,0,NEGATIVE,-0.999660134315491,,0,0,0,0
2017-02-28T16:10:29+0000,,0.127,0.112,0.761,0.0772,0.6,NEGATIVE,-0.523871302604675,Dutch/Dutch/Dutch/Dutch/no different/no different/no different/no different/no different/no different/,0,0.36,-0.354131352901459,0.3332
2016-11-17T19:05:11+0000,,0.288,0,0.712,0.7553,0.866666666666667,NEGATIVE,-0.999961853027344,clever/clever/clever/clever/clever/clever/clever/clever/clever/clever/clever/clever/clever/clever/clever/,0.166666666666667,0.833333333333334,0.998367369174957,0.1804
2017-03-20T18:03:07+0000,,0,0.412,0.588,-0.1027,0,POSITIVE,0.957242608070374,,0,0,0,-0.1027
2016-10-02T19:46:25+0000,,0,0.178,0.822,-0.5994,0.2,POSITIVE,0.907964944839478,,0,0,0,-0.5047
2016-06-26T18:42:40+0000,,0,0,1,0,0.45,POSITIVE,0.997715950012207,,0,0,0,-0.102
2016-07-25T16:46:12+0000,,0,0.162,0.838,-0.4404,0.52,NEGATIVE,-0.947033405303955,such/such/such/high/high/,0.064,0.516,0.902358102798462,-0.3233
2016-07-16T09:00:58+0000,,0,0,1,0,0.158333333333333,NEGATIVE,-0.607852101325989,same/same/same/several/several/several/several/,0,0.0535714285714286,0.690728093896593,0.1351
2017-02-10T09:38:51+0000,,0,0,1,0,0,POSITIVE,0.993086397647858,,0,0,0,0
2016-11-16T19:34:12+0000,,0,0,1,0,0,NEGATIVE,-0.999580919742584,barbaric/,0,0,-0.999966979026794,-0.0552
2016-03-08T10:16:17+0000,,0,0,1,0,0,POSITIVE,0.99204409122467,closer/closer/closer/closer/,0,0,0.997174143791199,0.0763
2016-03-08T10:16:17+0000,,0.209,0,0.791,0.4404,0.3,POSITIVE,0.79631906747818,GOOD/GOOD/GOOD/GOOD/GOOD/GOOD/GOOD/GOOD/GOOD/GOOD/GOOD/GOOD/,0.7,0.6,0.931395292282105,0.205
2017-01-24T11:46:22+0000,,0,0.434,0.566,-0.3182,0,NEGATIVE,-0.98409640789032,,0,0,0,-0.3182
2016-06-11T12:47:32+0000,,0,0,1,0,0,POSITIVE,0.501913785934448,,0,0,0,-0.0703
2016-03-19T10:24:53+0000,,0.143,0,0.857,0.3612,0.357142857142857,POSITIVE,0.971386015415192,,0,0,0,0.1167
2016-05-28T18:49:36+0000,,0.062,0.202,0.736,-0.8206,0.230208333333333,NEGATIVE,-0.997277081012726,white/European/European/European/European/more/more/more/more/Iraqi/Iraqi/Pakistani/Pakistani/Pakistani/Pakistani/economic/economic/political/political/political/political/political/political/political/political/political/political/political/political/political/political/political/political/,0.0727272727272727,0.121212121212121,0.520403851162304,-0.4791
2016-06-22T04:13:38+0000,,0.408,0,0.592,0.7034,0.75,POSITIVE,0.909658789634705,,0,0,0,0.2611
2016-06-24T04:43:09+0000,,0,0,1,0,0,POSITIVE,0.977291822433472,,0,0,0,0.0781
2016-06-23T09:32:04+0000,,0,0,1,0,0,POSITIVE,0.911907434463501,,0,0,0,0.0409
2017-02-23T01:10:48+0000,,0,0.5,0.5,-0.25,0,POSITIVE,0.916910588741303,,0,0,0,0.0559
2016-06-13T20:30:25+0000,,0.11,0.052,0.838,0.4588,0.521428571428572,NEGATIVE,-0.53856760263443,respective/respective/respective/respective/respective/huge/huge/huge/huge/huge/huge/huge/huge/huge/huge/huge/huge/huge/huge/huge/huge/huge/huge/huge/huge/huge/huge/huge/huge/huge/huge/huge/Titanic/Titanic/Titanic/Titanic/Titanic/Titanic/Titanic/Titanic/Titanic/Titanic/Titanic/Titanic/Titanic/dark/dark/dark/dark/dark/morally bankrupt/morally bankrupt/morally bankrupt/morally bankrupt/morally bankrupt/morally bankrupt/morally bankrupt/morally bankrupt/morally bankrupt/morally bankrupt/wealthy/wealthy/,0.178225806451613,0.504838709677419,-0.616085867727957,0.5373
2016-11-20T05:11:07+0000,,0,0.437,0.563,-0.3252,0.65,NEGATIVE,-0.999881029129028,true/,0.35,0.65,0.997733473777771,0.1058
2016-07-16T09:00:58+0000,,0,0.107,0.893,-0.34,0.5,POSITIVE,0.94880598783493,only old/only old/only old/only old/only old/only old/only old/prophetic/prophetic/prophetic/Western/Western/Western/,0.0269230769230769,0.323076923076923,-0.0779271813539358,-0.1703
2016-11-11T20:43:39+0000,,0,0,1,0,0,POSITIVE,0.999522805213928,3rd/3rd/3rd/,0,0,0.930013179779053,0.0516
2016-10-28T11:11:50+0000,,0.293,0,0.707,0.4404,0.6,POSITIVE,0.833131015300751,good/good/,0.7,0.6,0.931395292282105,0.0722
2016-07-25T20:50:24+0000,,0,0.137,0.863,-0.5583,0,NEGATIVE,-0.997870206832886,,0,0,0,0.5709
2016-11-16T21:58:11+0000,,0.263,0,0.737,0.3612,0,NEGATIVE,-0.982614099979401,barbaric/barbaric/barbaric/barbaric/barbaric/barbaric/barbaric/barbaric/,0,0,-0.999966979026794,0.1744
2016-06-24T04:17:55+0000,,0.419,0,0.581,0.5574,0.9,POSITIVE,0.991779863834381,fantastic/fantastic/,0.4,0.9,0.993227064609528,0.0973
2016-09-02T17:30:42+0000,,0,0,1,0,0,NEGATIVE,-0.999069631099701,Caledonian/Caledonian/Caledonian/Caledonian/Caledonian/,0,0,0.947175443172455,-0.0274
2016-07-04T21:37:04+0000,,0.75,0,0.25,0.4588,1,POSITIVE,0.986260831356049,,0,0,0,0.0775
2017-01-28T20:43:20+0000,,0,0.141,0.859,-0.3182,0.5,NEGATIVE,-0.708718180656433,medieval/medieval/medieval/medieval/medieval/medieval/medieval/medieval/,0,0,0.769038915634155,-0.2565
2016-06-12T17:57:56+0000,,0,0.677,0.323,-0.743,0,NEGATIVE,-0.998624801635742,unspeakable/unspeakable/,0,0,-0.992355823516846,-0.7306
2016-06-02T07:42:28+0000,,0,0,1,0,0.568181818181818,NEGATIVE,-0.992844879627228,ordinary/ordinary/ordinary/ordinary/ordinary/ordinary/new/new/,-0.153409090909091,0.488636363636364,-0.419661194086075,0.127
2016-06-13T20:30:25+0000,,0,0.375,0.625,-0.0516,0,NEGATIVE,-0.949793994426727,,0,0,0,-0.0516
2016-06-28T15:38:02+0000,,0.24,0,0.76,0.6249,0.625,POSITIVE,0.990087330341339,,0,0,0,0.1205
2016-06-01T10:01:23+0000,,0,0,1,0,0.6,POSITIVE,0.96022355556488,different/different/different/different/different/different/different/different/different/different/different/different/different/different/different/different/different/different/different/different/different/different/different/different/,0,0.6,-0.909278512001038,0.5092
2017-03-25T01:32:34+0000,,0,0,1,0,0,POSITIVE,0.982983827590942,,0,0,0,0
2017-01-02T15:10:21+0000,,0,0.167,0.833,-0.296,0.2,NEGATIVE,-0.776276290416718,as much/as much/as much/as much/as much/as much/as much/,0.2,0.2,0.668616592884064,-0.3646
2016-05-31T06:08:35+0000,,0,0,1,0,0,POSITIVE,0.918581128120422,,0,0,0,0
2016-12-04T06:22:06+0000,,0,0,1,0,0.5,NEGATIVE,-0.588037014007568,common/common/common/common/common/common/common/common/common/common/common/common/common/common/common/common/biggest/biggest/biggest/biggest/biggest/,-0.228571428571429,0.380952380952381,0.75215224424998,0.1221
2016-07-01T11:22:25+0000,,0,0,1,0,1,POSITIVE,0.946576654911041,own/own/own/own/own/own/own/own/own/own/own/own/own/own/own/own/own/own/own/own/own/own/own/own/own/own/own/own/own/own/own/own/own/,0.6,1,0.966281414031982,0.4028
2016-06-26T08:12:56+0000,,0,0,1,0,0,POSITIVE,0.615001440048218,Roman/Roman/,0,0,-0.752468824386597,0.1682
2016-05-28T18:49:36+0000,,0,0,1,0,0,NEGATIVE,-0.999864101409912,,0,0,0,0.055
2017-02-02T00:45:57+0000,,0,0.108,0.892,-0.5267,0.0833333333333333,NEGATIVE,-0.983381927013397,last/last/last/last/last/last/last/last/last/last/last/last/last/last/last/last/last/last/last/last/last/last/last/,0,0.0666666666666667,0.641749322414398,-0.3785
2017-03-08T19:25:45+0000,,0,0,1,0,0,POSITIVE,0.983033120632172,medieval/medieval/medieval/medieval/,0,0,0.769038915634155,0.0686
2016-05-31T06:08:35+0000,,0,0,1,0,0,POSITIVE,0.871114850044251,,0,0,0,0
2016-12-03T08:01:39+0000,,0.041,0,0.959,0.128,0.0541666666666667,POSITIVE,0.98994117975235,British/legal/legal/legal/legal/legal/legal/legal/legal/legal/legal/legal/medieval/medieval/medieval/medieval/medieval/medieval/medieval/medieval/medieval/same/same/same/same/same/same/same/same/same/same/,0.0709677419354839,0.111290322580645,0.76725995732892,0.3922
2017-03-11T08:07:17+0000,,0.116,0.24,0.644,-0.4404,0.55,NEGATIVE,-0.998015642166138,extra/extra/extra/extra/extra/extra/extra/extra/extra/extra/extra/extra/extra/extra/extra/stupid/stupid/,-0.0941176470588235,0.205882352941176,0.761927604675293,0.2581
2016-11-20T05:11:07+0000,,0.371,0,0.629,0.7579,0.717857142857143,POSITIVE,0.993527710437775,fair/fair/fair/fair/fair/fair/fair/fair/fair/fair/fair/,0.7,0.9,-0.995151519775391,0.6678
2017-01-17T17:27:22+0000,,0,1,0,-0.5106,0.8,NEGATIVE,-0.98237407207489,,0,0,0,-0.5106
2016-06-19T15:26:28+0000,,0,0.074,0.926,-0.2111,0.366666666666667,NEGATIVE,-0.994212448596954,little/little/little/little/little/little/little/little/little/little/little/less relevant/less relevant/less relevant/real/real/,-0.08203125,0.471875,-0.546531487256289,0.3149
2016-06-21T13:55:16+0000,,0,0,1,0,0,POSITIVE,0.924234986305237,biggest/biggest/biggest/biggest/,0,0,0.862594723701477,0.0405
2016-11-12T08:03:37+0000,,0,0.158,0.842,-0.3089,0,NEGATIVE,-0.999647378921509,,0,0,0,-0.3456
2016-09-11T21:48:18+0000,,0,0,1,0,0.288888888888889,POSITIVE,0.847203373908997,,0,0,0,0.0723
2016-10-24T15:19:17+0000,,0,0,1,0,0,NEGATIVE,-0.999580562114716,barbaric/barbaric/,0,0,-0.999966979026794,-0.0552
2016-10-20T12:38:12+0000,,0.112,0.144,0.745,-0.1531,0.285714285714286,NEGATIVE,-0.983240306377411,certain/certain/certain/certain/certain/British/British/,0.153061224489796,0.408163265306122,0.979464965207236,-0.3192
2016-08-07T11:10:46+0000,,0,0.1,0.9,-0.2732,0,NEGATIVE,-0.990793764591217,,0,0,0,-0.1424
2017-02-28T16:10:29+0000,,0,0.145,0.855,-0.296,0.5,NEGATIVE,-0.926913917064667,grown/grown/grown/grown/grown/grown/grown/grown/grown/grown/,0,0,0.996147871017456,0.0171
2016-06-19T11:50:04+0000,,0,0,1,0,0,NEGATIVE,-0.649353504180908,,0,0,0,0
2016-11-17T08:48:35+0000,,0.206,0.28,0.514,-0.4882,0.869047619047619,NEGATIVE,-0.999388694763184,so cruel/so cruel/barbaric/barbaric/barbaric/barbaric/sick/sick/sick/sick/sick/sick/sick/sick/sick/sick/sick/,-0.579831932773109,0.672268907563025,-0.999895790043999,0.2499
2016-03-08T10:16:17+0000,,0,0,1,0,0,POSITIVE,0.970882713794708,,0,0,0,-0.0893
2016-06-26T07:57:09+0000,,0,0,1,0,0,POSITIVE,0.615422785282135,,0,0,0,0.0257
2017-03-13T19:08:23+0000,,0,0,1,0,0,POSITIVE,0.756942331790924,,0,0,0,0
2016-05-04T22:26:19+0000,,0,0.18,0.82,-0.296,0,NEGATIVE,-0.999240279197693,,0,0,0,0.0601
2017-03-08T15:28:16+0000,,0,0,1,0,0.288888888888889,NEGATIVE,-0.996419429779053,,0,0,0,0.0418
2016-06-28T15:57:22+0000,,0,0,1,0,0.25,NEGATIVE,-0.601042985916138,21st/21st/21st/21st/21st/21st/21st/21st/more/more/more/more/more/more/declarative/declarative/,0.1875,0.1875,0.984041683375835,0.0926
2016-07-20T15:08:09+0000,,0.239,0,0.761,0.296,0.5,NEGATIVE,-0.591486692428589,,0,0,0,-0.0102
2017-02-28T16:10:29+0000,,0.061,0,0.939,0.0772,0.29375,POSITIVE,0.978641629219055,British/British/British/British/British/British/British/British/British/other/British/British/British/,-0.00961538461538462,0.0288461538461538,0.949724871378679,0.3405
2016-12-28T20:35:24+0000,,0,0,1,0,0,NEGATIVE,-0.958412170410156,,0,0,0,0
2017-01-19T11:41:05+0000,,0,0,1,0,0.25,NEGATIVE,-0.971855640411377,Howcan/Howcan/highest/highest/highest/highest/highest/highest/highest/highest/highest/highest/highest/highest/highest/highest/highest/aware/aware/aware/aware/aware/,0.0568181818181818,0.0568181818181818,0.816086403348229,0.0478
2017-02-25T11:53:06+0000,,0,0.108,0.892,-0.2924,0,NEGATIVE,-0.998077630996704,democratic/democratic/democratic/democratic/democratic/,0,0,0.912915289402008,-0.3161
2016-11-25T00:21:30+0000,,0.078,0,0.922,0.3182,0.75,POSITIVE,0.931983172893524,original/Roman/Roman/Roman/Roman/Roman/Roman/,0.0535714285714286,0.107142857142857,-0.502279894692557,0.1741
2016-11-09T21:37:53+0000,,0,0.376,0.624,-0.3412,0.833333333333333,NEGATIVE,-0.999953985214233,easy/,0.433333333333333,0.833333333333333,0.690072417259216,0.12
2016-03-19T10:24:53+0000,,0,0,1,0,0,NEGATIVE,-0.996271014213562,,0,0,0,0
2016-08-02T23:43:37+0000,,0,0.524,0.476,-0.296,0,POSITIVE,0.605923533439636,,0,0,0,0.0163
2016-07-15T15:47:34+0000,,0,0.346,0.654,-0.4019,0.175,NEGATIVE,-0.999257385730743,,0,0,0,-0.3701
2016-07-25T16:30:29+0000,,0,0.13,0.87,-0.2732,0.3,NEGATIVE,-0.943995237350464,still low/still low/still low/still low/still low/still low/still low/still low/still low/still low/still low/still low/,0,0.3,-0.999803960323334,0.2565
2016-12-14T12:56:15+0000,,0.31,0,0.69,0.4019,1,NEGATIVE,-0.738394320011139,own/own/,0.6,1,0.966281414031982,0.4468
2016-11-12T08:03:37+0000,,0,0.182,0.818,-0.7964,0.275,NEGATIVE,-0.999531030654907,racist/racist/racist/racist/racist/racist/racist/racist/racist/racist/racist/racist/racist/left/left/left/left/left/left/left/left/left/left/full/full/full/full/full/full/full/full/full/full/full/,0.113235294117647,0.177941176470588,-0.363099082427866,-0.3218
2016-05-14T19:57:21+0000,,0,0,1,0,0,POSITIVE,0.933692157268524,,0,0,0,0.0457
2016-11-20T05:11:07+0000,,0.362,0,0.638,0.5267,0,NEGATIVE,-0.651516377925873,,0,0,0,0.5524
2016-08-15T14:31:52+0000,,0,0.405,0.595,-0.9567,0,NEGATIVE,-0.999864816665649,cruelest/cruelest/cruelest/cruelest/cruelest/British/British/British/British/stunned/stunned/stunned/stunned/stunned/stunned/stunned/stunned/stunned/stunned/stunned/,0,0,-0.597672989964485,-0.952
2017-01-19T09:18:46+0000,,0.087,0.362,0.551,-0.6705,0,NEGATIVE,-0.981920778751373,,0,0,0,-0.6705
2016-03-16T05:04:09+0000,,0,0,1,0,0.533333333333333,POSITIVE,0.995494842529297,pivotal/pivotal/many/modern/modern/,0.38,0.54,0.982036697864533,0.1155
2016-10-11T06:59:20+0000,,0,0,1,0,0,NEGATIVE,-0.56548947095871,samarbeide/samarbeide/med/med/med/med/med/med/med/,0,0,0.616719033983019,0
2016-07-20T14:08:42+0000,,0,0,1,0,0,NEGATIVE,-0.546576023101807,,0,0,0,-0.0143
2016-06-19T06:05:10+0000,,0,0,1,0,0,POSITIVE,0.998802542686462,,0,0,0,0
2016-08-17T10:47:25+0000,,0,0,1,0,0,POSITIVE,0.879221439361572,,0,0,0,0.0998
2016-11-16T20:59:13+0000,,0,0.249,0.751,-0.6486,0.25,NEGATIVE,-0.999450266361237,religious/religious/religious/religious/religious/religious/religious/religious/religious/,0,0.25,0.97358649969101,-0.5357
2016-07-27T10:12:10+0000,,0.068,0.395,0.537,-0.891,0.8,NEGATIVE,-0.985137224197388,innocent/innocent/innocent/innocent/innocent/innocent/innocent/innocent/innocent/innocent/innocent/innocent/,0.5,0.7,0.997673690319061,nan
2016-11-16T19:37:58+0000,,0.733,0,0.267,0.6705,0,NEGATIVE,-0.999734818935394,barbaric/,0,0,-0.999966979026794,0.6353
2016-08-23T20:01:32+0000,,0,0,1,0,0.45,POSITIVE,0.996963679790497,,0,0,0,0.1813
2016-11-09T21:37:53+0000,,0.6,0,0.4,0.5423,0,NEGATIVE,-0.729598462581635,colonial/colonial/,0,0,-0.657203853130341,0.5839
2016-10-12T11:06:15+0000,,0,0.247,0.753,-0.3182,0,NEGATIVE,-0.997887790203095,,0,0,0,-0.2344
2017-01-15T16:33:06+0000,,0,0,1,0,0,POSITIVE,0.65879362821579,Roman/Roman/Roman/Roman/Roman/,0,0,-0.752468824386597,0.0828
2016-03-23T08:23:37+0000,,0,0.286,0.714,-0.6808,0,NEGATIVE,-0.995255529880524,barbaric/barbaric/,0,0,-0.999966979026794,-0.5299
2017-03-29T08:30:18+0000,,0,0.468,0.532,-0.6597,0.7,NEGATIVE,-0.999908328056335,backward/backward/,0,0,-0.999569952487946,-0.6343
2017-02-17T08:46:29+0000,,0,0.13,0.87,-0.128,0,POSITIVE,0.901158690452576,,0,0,0,-0.0831
2016-10-02T20:33:05+0000,,0,0,1,0,0,NEGATIVE,-0.999898552894592,barbaric/,0,0,-0.999966979026794,-0.0808
2017-02-08T19:39:12+0000,,0.39,0,0.61,0.4939,0,POSITIVE,0.996271967887878,,0,0,0,0.4939
2016-11-06T01:12:58+0000,,0,0,1,0,0,NEGATIVE,-0.984338700771332,,0,0,0,0.0243
2017-03-19T15:09:04+0000,,0.565,0,0.435,0.5994,0.875,POSITIVE,0.992283165454865,,0,0,0,-0.0168
2016-05-11T08:59:58+0000,,0,0.13,0.87,-0.0516,0,NEGATIVE,-0.995431184768677,,0,0,0,-0.0516
2016-07-20T23:05:49+0000,,0.169,0.069,0.762,0.8357,0.589393939393939,POSITIVE,0.993951618671417,Very Impressed/Very Impressed/Very Impressed/Very Impressed/Very Impressed/Very Impressed/Very Impressed/Very Impressed/Very Impressed/Very Impressed/Very Impressed/Very Impressed/Very Impressed/Very Impressed/Very Impressed/Very Impressed/Very Impressed/Very Impressed/Very Impressed/Very Impressed/Very Impressed/Very Impressed/Very Impressed/Very Impressed/Very Impressed/Very Impressed/Very Impressed/Very Impressed/Very Impressed/Very Impressed/Very Impressed/Very Impressed/Very Impressed/Very Impressed/Very Impressive/Very Impressive/Very Impressive/Very Impressive/Very Impressive/Very Impressive/Very Impressive/Very Impressive/Very Impressive/Very Impressive/Very Impressive/Very Impressive/Very Impressive/Very Impressive/Very Impressive/Very Impressive/Very Impressive/Very Impressive/Very Impressive/Very Impressive/Very Impressive/Very Impressive/Very Impressive/Very Impressive/Most/Most/Most/Most/Most/Most/Most/Most/Most/Most/Most/Most/Most/Most/So Much/So Much/So Much/So Much/So Much/So Much/So Much/So Much/So Much/So Much/So Much/So Much/So Much/So Much/So Much/,0.781609195402299,0.781609195402299,0.984700857907876,0.843
2017-03-26T15:12:55+0000,,0,0.495,0.505,-0.5994,0,POSITIVE,0.998996555805206,,0,0,0,-0.3325
2016-07-17T05:34:46+0000,,0,0,1,0,0,NEGATIVE,-0.534531176090241,,0,0,0,0
2016-06-15T15:25:43+0000,,0,0.207,0.793,-0.7783,0.75,NEGATIVE,-0.9852015376091,worse/worse/worse/worse/worse/worse/worse/worse/worse/worse/worse/worse/worse/worse/worse/worse/worse/,-0.4,0.6,-0.999942541122437,-0.469
2016-06-01T10:01:23+0000,,0.102,0.079,0.819,-0.0258,0.5,NEGATIVE,-0.928509175777435,ethnic/ethnic/ethnic/territorial/territorial/territorial/arrogant/arrogant/arrogant/arrogant/colonized/colonized/colonized/colonized/colonized/conquest/conquest/conquest/conquest/soft/soft/soft/true/true/,0.0416666666666667,0.0979166666666667,0.0745168303449949,0.4561
2016-08-23T16:11:10+0000,,0,0,1,0,0.1,POSITIVE,0.995239615440369,few/,-0.2,0.1,-0.542768120765686,0.0961
2017-03-25T01:40:16+0000,,0,0,1,0,0,NEGATIVE,-0.898427605628967,Nazi/Nazi/Nazi/,0,0,-0.999971270561218,0.1048
2016-07-01T11:49:10+0000,,0,0,1,0,0,POSITIVE,0.565443992614746,,0,0,0,nan
2016-06-10T08:33:20+0000,,0.235,0.214,0.55,0.1779,0.52962962962963,NEGATIVE,-0.998982608318329,medieval/medieval/medieval/ignorant/ignorant/ignorant/ignorant/sure/sure/sure/sure/sure/sure/sure/sure/sure/sure/sure/sure/sure/sure/,0.333333333333333,0.592592592592593,0.576284783227103,-0.4967
2017-02-08T16:26:31+0000,,0,0.625,0.375,-0.1695,0.9,NEGATIVE,-0.994366049766541,surprised/,0.1,0.9,0.993702530860901,0.0861
2017-02-18T01:54:26+0000,,0,0,1,0,0,POSITIVE,0.836500704288483,,0,0,0,0.0306
2016-06-09T21:09:06+0000,,0,0,1,0,0,NEGATIVE,-0.986052989959717,,0,0,0,0.1348
2017-03-14T16:23:03+0000,,0,0,1,0,0,POSITIVE,0.979363739490509,,0,0,0,0
2016-01-16T13:36:54+0000,,0,0.423,0.577,-0.5678,1,NEGATIVE,-0.999176442623138,just so very sad/,-0.65,1,-0.998708248138428,0.0361
2016-08-08T17:20:20+0000,,0,0.13,0.87,-0.4019,0,POSITIVE,0.994849503040314,French/French/French/French/French/French/French/French/French/French/oppressive/oppressive/oppressive/oppressive/oppressive/oppressive/oppressive/oppressive/oppressive/oppressive/,0,0,-0.0149945914745331,0.1954
2017-02-02T00:45:57+0000,,0.144,0,0.856,0.4019,0.5,POSITIVE,0.817516267299652,enough/enough/enough/enough/enough/enough/enough/enough/enough/,0,0.5,-0.592096447944641,0.4757
2017-03-25T01:32:34+0000,,0.296,0,0.704,0.6369,1,POSITIVE,0.999672889709473,greatest/greatest/greatest/greatest/greatest/greatest/greatest/greatest/,1,1,0.999209105968475,0.0704
2016-06-22T21:08:06+0000,,0,0,1,0,0,POSITIVE,0.998359978199005,American/American/American/American/American/American/American/,0,0,0.940539538860321,0.0632
2016-06-08T14:15:44+0000,,0,0.142,0.858,-0.6283,0.5,NEGATIVE,-0.992759823799133,open/open/open/open/open/open/open/open/open/open/open/open/open/open/open/open/open/open/open/open/open/open/open/,0,0.5,0.977954268455505,0.2909
2016-11-17T13:13:12+0000,,0,0,1,0,0,POSITIVE,0.991265118122101,,0,0,0,0
2016-06-13T20:30:25+0000,,0.198,0,0.802,0.5719,0.4,NEGATIVE,-0.998839557170868,Small/Small/Small/Small/Small/Small/Small/Small/Small/Small/Small/Small/Small/Small/Small/Small/Small/Small/Small/Small/Small/Small/smacked/smacked/,-0.229166666666667,0.366666666666667,-0.994339898228645,0.3841
2016-11-09T21:37:53+0000,,0,0.483,0.517,-0.4215,0,POSITIVE,0.52814394235611,,0,0,0,-0.3678
2016-06-14T05:20:40+0000,,0.286,0,0.714,0.34,0,POSITIVE,0.995094299316406,national/national/national/national/national/,0,0,0.99201911687851,0.3926
2016-06-18T23:52:49+0000,,0.138,0.261,0.602,-0.4352,0.65,NEGATIVE,-0.999987244606018,Total/Total/Total/Total/Total/Total/Total/Total/Total/Total/Total/Total/Total/Total/Total/Total/Total/,0,0.75,0.996336460113525,0.6725
2016-11-16T19:40:01+0000,,0,1,0,-0.5859,1,NEGATIVE,-0.999412775039673,Cruel/,-1,1,-0.999412775039673,0
2017-02-28T16:10:29+0000,,0,0.125,0.875,-0.4588,0.85,NEGATIVE,-0.889382839202881,own/own/,0.6,1,0.966281414031982,-0.328
2017-02-12T17:07:39+0000,,0.302,0,0.698,0.8445,0.333333333333333,NEGATIVE,-0.557605087757111,last/last/last/last/last/last/last/last/last/last/last/last/last/,0,0.0666666666666667,0.641749322414398,nan
2016-10-15T09:40:06+0000,,0.071,0,0.929,0.25,0.532857142857143,NEGATIVE,-0.988656163215637,single/single/anglo/anglo/anglo/anglo/anglo/real/common/political/political/political/political/different/different/diverse/diverse/diverse/diverse/diverse/,-0.0121428571428571,0.141428571428571,0.528268077969551,0.415
2017-03-04T16:18:37+0000,,0,0,1,0,0,NEGATIVE,-0.984169602394104,,0,0,0,0.0511
2016-10-12T07:48:24+0000,,0.148,0.093,0.759,0.4434,0.491666666666667,NEGATIVE,-0.999777734279633,true/true/true/true/true/true/true/true/true/true/true/true/true/true/true/true/true/true/true/true/true/true/true/true/such/such/such/such/such/such/such/such/such/such/such/such/such/very/very/very/very/very/very/very/very/very/very/vast/vast/vast/vast/vast/vast/vast/vast/vast/vast/vast/vast/vast/,0.173333333333333,0.635,0.85084673066934,-0.7079
2016-11-16T22:12:41+0000,,0,0,1,0,0.333333333333333,NEGATIVE,-0.99945992231369,first/first/,0.25,0.333333333333333,0.91229122877121,0.0935
2016-11-17T13:35:28+0000,,0,0,1,0,0.666666666666667,NEGATIVE,-0.999316573143005,barbaric/,0,0,-0.999966979026794,-0.0016
2017-03-25T01:32:34+0000,,0,0,1,0,0.45,POSITIVE,0.770116448402405,,0,0,0,0.0514
2017-01-09T12:56:40+0000,,0.109,0,0.891,0.4019,1,POSITIVE,0.982711732387543,Massive/Massive/Massive/Massive/Massive/Massive/Massive/Massive/Massive/Massive/Massive/Massive/Massive/Massive/Massive/Massive/Massive/Massive/Massive/Massive/Massive/Massive/Massive/,0,1,-0.953988969326019,0.5905
2016-09-02T10:41:54+0000,,0.309,0.381,0.309,-0.1779,0.9,NEGATIVE,-0.999283492565155,,0,0,0,-0.1779
2016-05-23T07:16:58+0000,,0,0,1,0,0,NEGATIVE,-0.945786476135254,,0,0,0,0.0582
2016-06-05T20:41:55+0000,,0,0,1,0,0,POSITIVE,0.883161664009094,,0,0,0,0.0457
2017-03-26T11:45:55+0000,,0,0,1,0,0,NEGATIVE,-0.99947327375412,,0,0,0,0.1288
2016-09-29T19:14:02+0000,,0.289,0,0.711,0.431,0.75,NEGATIVE,-0.998762369155884,totally barbaric/totally barbaric/,0,0.75,-0.999958276748657,-0.5739
2017-01-19T11:41:05+0000,,0,0.688,0.312,-0.5267,0,POSITIVE,0.961424112319946,,0,0,0,0.0326
2017-02-01T11:12:11+0000,,0.362,0,0.638,0.1779,0,NEGATIVE,-0.884499728679657,,0,0,0,0.1779
2016-10-02T18:48:50+0000,,0,0,1,0,0,NEGATIVE,-0.99950897693634,barbaric/,0,0,-0.999966979026794,-0.0096
2016-08-29T16:52:20+0000,,0,0,1,0,0,NEGATIVE,-0.772392213344574,,0,0,0,0.0409
2017-03-28T22:40:28+0000,,0.393,0,0.607,0.6739,1,POSITIVE,0.999170780181885,Roman/Roman/Roman/,0,0,-0.752468824386597,0.7053
2017-03-11T19:38:43+0000,,0,0,1,0,0,NEGATIVE,-0.996258854866028,,0,0,0,0.0738
2016-06-30T05:53:08+0000,,0.116,0,0.884,0.3612,0.333333333333333,POSITIVE,0.998369991779327,keen/keen/keen/keen/keen/keen/keen/always fluid/always fluid/always fluid/always fluid/always fluid/always fluid/always fluid/always fluid/always fluid/Islamic/Islamic/,0,0.05,0.99398504363166,0.0971
2016-07-16T23:56:12+0000,,0,0,1,0,0,NEGATIVE,-0.995827734470367,,0,0,0,0.212
2016-06-02T07:42:28+0000,,0,0,1,0,0.525,POSITIVE,0.771113991737366,more expensive/more expensive/more expensive/more expensive/more expensive/,0,0.6,0.541976571083069,0.1102
2016-03-19T10:24:53+0000,,0,0.391,0.609,-0.5423,0.25,NEGATIVE,-0.998379349708557,odd/odd/,-0.166666666666667,0.25,-0.997861087322235,0.0635
2016-06-29T13:26:10+0000,,0,0.18,0.82,-0.296,0,POSITIVE,0.883832693099976,Irish/Irish/Irish/Irish/Irish/Irish/Irish/,0,0,0.876860320568085,0.1005
2017-03-19T19:21:00+0000,,0.524,0,0.476,0.7717,0.7,NEGATIVE,-0.841987252235413,,0,0,0,0.7717
2016-07-25T16:46:12+0000,,0,0,1,0,0,NEGATIVE,-0.997026741504669,,0,0,0,-0.0974
2016-06-08T14:15:44+0000,,0.364,0,0.636,0.555,0,NEGATIVE,-0.546252548694611,,0,0,0,0.555
2016-07-01T22:01:10+0000,,0,0,1,0,0,NEGATIVE,-0.96537846326828,,0,0,0,0
2016-11-04T11:19:56+0000,,0.224,0.328,0.448,-0.1779,0.1,NEGATIVE,-0.917333066463471,British/legal/legal/,0.133333333333333,0.133333333333333,0.971193253993988,0.0015
2016-03-08T10:16:17+0000,,0,0,1,0,0,NEGATIVE,-0.999272048473358,,0,0,0,0
2016-11-12T08:03:37+0000,,0.149,0,0.851,0.5994,0.383333333333333,NEGATIVE,-0.992923498153687,good/good/good/good/good/good/good/good/good/good/good/good/good/good/good/good/good/good/good/good/good/good/good/good/good/,0.7,0.6,0.931395292282105,0.4019
2016-06-22T21:53:24+0000,,0.11,0.055,0.835,0.3182,0.354166666666667,NEGATIVE,-0.997969329357147,main/main/main/main/main/main/main/main/main/main/main/main/main/main/main/main/main/other/other/other/other/other/other/other/other/other/other/other/other/other/other/other/other/other/other/other/other/Muslim/Muslim/,0.00854700854700853,0.337606837606838,0.0454988112816444,0.0832
2017-03-19T18:53:08+0000,,0.17,0,0.83,0.3089,0.1,NEGATIVE,-0.805105865001679,,0,0,0,0.3539
2017-01-21T19:18:22+0000,,0,0,1,0,0,NEGATIVE,-0.759763300418854,,0,0,0,0.0644
2016-05-28T18:49:36+0000,,0.231,0,0.769,0.4939,0.575,NEGATIVE,-0.999842286109924,current/current/current/current/suitable/,0.11,0.47,0.976322543621063,0.4253
2016-11-20T05:17:28+0000,,0.04,0.083,0.877,-0.2865,0.398809523809524,NEGATIVE,-0.999732434749603,,0,0,0,0.5076
2017-03-14T08:27:42+0000,,0,0,1,0,0,NEGATIVE,-0.998872339725494,,0,0,0,0.0457
2016-06-01T10:01:23+0000,,0,0,1,0,0,POSITIVE,0.712113797664642,Arab/Arab/Muslim/Muslim/Muslim/Muslim/Muslim/Asian/Asian/Asian/Asian/Asian/Asian/Asian/Asian/Asian/Asian/Asian/Asian/Asian/,0,0,0.355161997675896,0.1378
2017-03-03T12:12:58+0000,,0.115,0.074,0.811,0.1531,0.52,NEGATIVE,-0.888029456138611,determined/determined/determined/determined/determined/determined/determined/very narrow/very narrow/,-0.0577777777777778,0.115555555555556,0.555083612600962,0.0588
2017-01-04T03:35:01+0000,,0,0,1,0,0,NEGATIVE,-0.879204392433167,,0,0,0,0
2017-03-25T01:40:16+0000,,0,0,1,0,0,POSITIVE,0.919675827026367,,0,0,0,0
2016-07-25T16:46:12+0000,,0,0,1,0,0,NEGATIVE,-0.996209859848023,electoral/electoral/electoral/electoral/electoral/electoral/electoral/electoral/electoral/electoral/electoral/electoral/electoral/electoral/electoral/electoral/electoral/electoral/electoral/electoral/electoral/electoral/electoral/electoral/electoral/exemple/exemple/exemple/exemple/exemple/Scottish/Scottish/Scottish/Scottish/Scottish/Scottish/Scottish/Scottish/Scottish/Scottish/Scottish/Scottish/Scottish/Scottish/Scottish/Scottish/Scottish/Scottish/,0,0,0.991454093406598,0.3845
2016-05-22T23:53:01+0000,,0,0.191,0.809,-0.3818,0.8,NEGATIVE,-0.999983549118042,,0,0,0,-0.1055
2016-02-15T11:52:15+0000,,0.398,0,0.602,0.6486,0.8,POSITIVE,0.817466855049133,Anglo/Anglo/Anglo/Anglo/,0,0,0.832016468048096,0.2821
2017-03-20T20:13:29+0000,,0,0.191,0.809,-0.5106,0.857142857142857,NEGATIVE,-0.999786078929901,sick/sick/sick/sick/sick/sick/sick/sick/sick/sick/sick/sick/sick/sick/sick/,-0.714285714285714,0.857142857142857,-0.999927520751953,nan
2016-11-30T21:22:27+0000,,0,0,1,0,0,POSITIVE,0.987903535366058,,0,0,0,0
2017-02-10T09:44:26+0000,,0.08,0,0.92,0.0772,1,NEGATIVE,-0.720998227596283,,0,0,0,0.0211
2016-08-23T17:44:40+0000,,0.106,0,0.894,0.0772,0,POSITIVE,0.934782385826111,medieval/medieval/medieval/medieval/medieval/medieval/medieval/,0,0,0.769038915634155,0.1558
2017-01-29T12:52:07+0000,,0,0,1,0,0,NEGATIVE,-0.879339694976807,,0,0,0,0
2016-05-31T21:57:08+0000,,0.149,0,0.851,0.2716,0.75,POSITIVE,0.998229563236237,most important/most important/most important/most important/most important/,0.45,0.75,0.998044848442078,0.1088
2016-11-25T00:21:30+0000,,0.222,0,0.778,0.5719,1,POSITIVE,0.732955455780029,happy/happy/happy/happy/happy/happy/happy/happy/happy/happy/happy/happy/,0.8,1,0.983936667442322,0.1307
2016-10-20T15:47:07+0000,,0.218,0.197,0.585,0.1045,0.75,NEGATIVE,-0.999602377414703,great/great/great/great/great/great/great/most stupid/most stupid/most stupid/most stupid/most stupid/,0.404166666666667,0.75,0.160972446203232,0.2435
2016-09-11T18:39:32+0000,,0,0,1,0,0.216666666666667,NEGATIVE,-0.813602209091187,even few/even few/even few/even few/even few/even few/even few/even few/,-0.2,0.1,-0.698035717010498,0.2675
2017-02-20T18:55:18+0000,,0,0.221,0.779,-0.5267,1,NEGATIVE,-0.999604642391205,stupid/stupid/stupid/stupid/stupid/stupid/stupid/stupid/,-0.8,1,-0.990953207015991,-0.1523
2016-08-03T06:27:21+0000,,0,0,1,0,0,POSITIVE,0.884606540203095,,0,0,0,0
2017-02-08T16:26:31+0000,,0,0.245,0.755,-0.7579,0.228571428571429,NEGATIVE,-0.998055696487427,recent/recent/recent/recent/recent/recent/recent/recent/recent/old/old/old/old/old/old/old/old/old/old/old/old/only few/only few/only few/,0.0375,0.2625,-0.254150353372097,-0.3837
2015-11-15T04:55:13+0000,,0.155,0.368,0.477,-0.8426,0.833333333333333,NEGATIVE,-0.999642729759216,so easy/so easy/so easy/so easy/so easy/so easy/so easy/so easy/so easy/so easy/so easy/racist/misogynistic/barbaric/barbaric/barbaric/barbaric/barbaric/vile/vile/,0.238333333333333,0.458333333333333,-0.0529190689325333,-0.7361
2016-05-28T18:49:36+0000,,0,0,1,0,0,POSITIVE,0.998519241809845,,0,0,0,0.1771
2016-10-24T11:07:18+0000,,0,0.255,0.745,-0.7003,0.2,NEGATIVE,-0.989341199398041,young/Muslim/Muslim/Muslim/Muslim/Muslim/Muslim/Muslim/English/English/,0.01,0.04,-0.322876262664795,-0.7248
2016-06-28T16:48:52+0000,,0.46,0,0.54,0.3724,0.9,POSITIVE,0.989932298660278,wrong/,-0.5,0.9,-0.994579553604126,-0.0239
2016-06-02T07:42:28+0000,,0.179,0.107,0.714,0.2023,0.7,NEGATIVE,-0.841525316238403,Cleaner/Cleaner/Cleaner/Cleaner/Cleaner/wide/wide/wide/wide/wide/wide/wide/wide/wide/wide/wide/wide/wide/wide/wide/wide/wide/wide/wide/,-0.0791666666666667,0.316666666666667,-0.320461377501488,0.3
2016-10-31T03:34:58+0000,,0.307,0,0.693,0.4767,0,POSITIVE,0.991169571876526,,0,0,0,0.4767
2017-03-25T01:40:16+0000,,0,0,1,0,0,NEGATIVE,-0.998720824718475,,0,0,0,0.0252
2016-06-08T22:01:10+0000,,0,0.206,0.794,-0.3818,0.0222222222222222,NEGATIVE,-0.61899209022522,BRITISH/BRITISH/BRITISH/BRITISH/BRITISH/BRITISH/BRITISH/BRITISH/BRITISH/,0,0,0.95611697435379,-0.2013
2016-07-25T10:35:32+0000,,0,0.045,0.955,-0.1027,0.288888888888889,NEGATIVE,-0.995407223701477,upto/upto/upto/upto/upto/upto/upto/upto/upto/upto/upto/upto/,0,0,0.996404409408569,0.0951
2017-01-04T03:35:01+0000,,0.162,0,0.838,0.4404,1,POSITIVE,0.937897622585297,pleased/pleased/pleased/pleased/,0.5,1,0.982549667358398,0.0872
2017-03-12T08:02:02+0000,,0.123,0.26,0.617,-0.4367,0.345833333333333,NEGATIVE,-0.996210098266602,back clear/back clear/back clear/back clear/back clear/uncivilised/uncivilised/uncivilised/uncivilised/uncivilised/welcome/welcome/welcome/civilised/human/human/,0.165625,0.241145833333333,0.358390681445599,0.3128
2017-01-26T12:15:43+0000,,0,0.608,0.392,-0.4767,0.9,NEGATIVE,-0.578743815422058,Dangerous/Dangerous/Dangerous/,-0.6,0.9,-0.996600687503815,0.0884
2016-06-24T03:43:08+0000,,0,0,1,0,0,POSITIVE,0.912043452262878,,0,0,0,0.1249
2016-11-20T05:11:07+0000,,0,0.437,0.563,-0.3252,0.65,NEGATIVE,-0.999881029129028,true/,0.35,0.65,0.997733473777771,0.1058
2016-06-18T13:08:13+0000,,0.412,0,0.588,0.4215,0,POSITIVE,0.99828976392746,,0,0,0,0.4215
2016-05-31T06:08:35+0000,,0,0,1,0,0,POSITIVE,0.88577127456665,,0,0,0,0
2016-06-18T13:08:13+0000,,0,0,1,0,0,POSITIVE,0.976154625415802,,0,0,0,0
2016-06-24T15:08:03+0000,,0.607,0,0.393,0.8957,0.5625,POSITIVE,0.992619693279266,wonderful/wonderful/wonderful/wonderful/wonderful/wonderful/wonderful/truly glorious/truly glorious/,0.777777777777778,0.777777777777778,0.987877183490329,0.3474
2017-05-25T12:33:39+0000,,0.628,0,0.372,0.5222,0.845,POSITIVE,0.997614741325378,So very true/,0.455,0.845,0.997614741325378,0.0804
2017-03-19T22:21:32+0000,,0,0,1,0,0,POSITIVE,0.800836980342865,Eastern/Eastern/Eastern/,0,0,0.908854603767395,0.1937
2017-02-28T13:31:35+0000,,0,1,0,-0.3182,0,NEGATIVE,-0.999664187431335,,0,0,0,-0.3182
2016-06-02T07:42:28+0000,,0,0,0,0,0,POSITIVE,0.922209024429321,,0,0,0,0
2016-03-08T10:16:17+0000,,0,0,1,0,0.221428571428571,NEGATIVE,-0.999718964099884,average/average/average/average/average/average/average/average/average/average/average/average/average/,-0.15,0.4,-0.809524893760681,0.1864
2016-03-15T14:32:41+0000,,0,0,1,0,0.0222222222222222,NEGATIVE,-0.999275982379913,British/British/,0,0,0.95611697435379,0.2032
2016-06-18T13:08:13+0000,,0,0,1,0,0,POSITIVE,0.762878060340881,,0,0,0,0.0179
2016-06-08T22:01:10+0000,,0,0.331,0.669,-0.7114,0,NEGATIVE,-0.999439179897308,,0,0,0,-0.4178
2016-07-25T16:30:29+0000,,0.231,0,0.769,0.5859,0,NEGATIVE,-0.999596059322357,,0,0,0,0.662
2016-10-24T16:07:08+0000,,0,0.116,0.884,-0.2732,0,NEGATIVE,-0.998629689216614,ignorant/ignorant/ignorant/ignorant/ignorant/ignorant/,0,0,-0.999785482883453,-0.0724
2016-08-12T08:06:39+0000,,0.247,0.093,0.661,0.3591,0.55,NEGATIVE,-0.999830484390259,barbaric/barbaric/barbaric/barbaric/barbaric/barbaric/barbaric/barbaric/barbaric/barbaric/barbaric/barbaric/barbaric/barbaric/,0,0,-0.999966979026794,0.2466
2017-02-02T00:45:57+0000,,0,0.113,0.887,-0.1689,0.458333333333333,NEGATIVE,-0.989258587360382,hard/hard/hard/hard/hard/hard/hard/hard/other/other/other/,-0.246212121212121,0.496212121212121,-0.268893518231132,0.1008
2016-07-20T15:08:09+0000,,0.239,0,0.761,0.296,0.5,NEGATIVE,-0.591486692428589,,0,0,0,-0.0102
2016-12-05T01:36:17+0000,,0,0,1,0,0,POSITIVE,0.947482883930206,,0,0,0,0
2016-10-30T18:48:23+0000,,0.259,0,0.741,0.6808,0.2,POSITIVE,0.877099871635437,so much/so much/,0.2,0.2,0.973993062973023,0.6251
2016-10-30T15:44:38+0000,,0.135,0,0.865,0.3612,0.3,POSITIVE,0.995805382728577,common/common/common/common/common/common/common/common/common/common/common/common/,-0.3,0.5,0.717638969421387,0.5682
2017-03-29T07:58:03+0000,,0.161,0,0.839,0.3612,0,NEGATIVE,-0.999973773956299,barbaric/barbaric/barbaric/barbaric/,0,0,-0.999966979026794,0.0332
2016-08-19T17:57:20+0000,,0,0.145,0.855,-0.296,0.35,NEGATIVE,-0.999931812286377,barbaric/barbaric/barbaric/,0,0,-0.999966979026794,0.0036
2016-06-24T15:08:03+0000,,0,0,1,0,0.375,POSITIVE,0.994716107845306,other/other/other/other/,-0.125,0.375,0.873019635677338,0.1295
2016-08-23T14:48:34+0000,,0.183,0.105,0.712,0.3182,0.366666666666667,POSITIVE,0.981179416179657,many/many/many/third/third/third/third/third/third/third/third/third/third/third/third/third/,0.09375,0.09375,0.881462171673775,0.0521
2016-05-31T06:08:35+0000,,0,0,1,0,0,POSITIVE,0.687915921211243,,0,0,0,0
2016-06-02T07:42:28+0000,,0,0,1,0,0,POSITIVE,0.920306265354157,,0,0,0,0
2016-07-18T09:17:56+0000,,0.139,0,0.861,0.4404,0.25,NEGATIVE,-0.562797844409943,middle/middle/middle/middle/middle/middle/much better/,0.0714285714285714,0.0714285714285714,-0.712046640259879,0.0852
2016-06-28T15:57:22+0000,,0.258,0.176,0.566,0.5574,0.7,NEGATIVE,-0.998412847518921,collective/collective/collective/collective/collective/collective/collective/collective/collective/collective/collective/collective/collective/collective/collective/collective/collectively worse/collectively worse/collectively worse/collectively worse/collectively worse/,-0.0952380952380952,0.142857142857143,0.521868785222372,-0.1307
2017-03-20T09:27:42+0000,,0.109,0.102,0.789,0.0516,0.675,NEGATIVE,-0.9311962723732,massive/massive/massive/massive/massive/massive/massive/massive/massive/good/good/good/good/good/good/good/,0.30625,0.825,-0.129133354872465,-0.3757
2016-10-12T07:23:17+0000,,0.153,0.335,0.511,-0.4939,0,NEGATIVE,-0.999672532081604,bankrupt/bankrupt/bankrupt/bankrupt/bankrupt/,0,0,-0.995929658412933,0.1711
2017-03-19T20:49:22+0000,,0,0,1,0,0,NEGATIVE,-0.963858485221863,,0,0,0,0.0257
2017-02-23T01:10:48+0000,,0,0,1,0,0.404761904761905,NEGATIVE,-0.985975086688995,plain/plain/simple/simple/simple/simple/simple/simple/simple/simple/simple/simple/simple/simple/further/further/,-0.0267857142857143,0.375,0.691451817750931,0.1304
2017-01-23T06:57:41+0000,,0.189,0,0.811,0.2732,0,NEGATIVE,-0.997520625591278,jewish/jewish/jewish/jewish/jewish/barbaric/barbaric/barbaric/,0,0,0.200357988476753,0.0245
2017-01-26T12:15:43+0000,,0,0,1,0,0.5,NEGATIVE,-0.99385529756546,,0,0,0,-0.0323
2016-06-20T13:45:07+0000,,0,0.194,0.806,-0.0516,0,NEGATIVE,-0.992721259593964,23rd/23rd/,0,0,0.954016208648682,0.0782
2016-05-23T07:16:58+0000,,0.303,0.035,0.662,0.8591,0.716666666666667,POSITIVE,0.99668699502945,massive/massive/massive/massive/massive/massive/hard/hard/hard/hard/hard/hard/hard/hard/hard/hard/hard/hard/hard/hard/hard/hard/hard/hard/chilling/chilling/chilling/chilling/,-0.258928571428571,0.691071428571428,-0.509971039635795,0.8828
2016-11-01T16:09:25+0000,,0.097,0.268,0.635,-0.9381,0.54,NEGATIVE,-0.999982714653015,few/few/few/few/few/few/few/few/few/few/few/few/few/few/few/barbaric/barbaric/barbaric/barbaric/barbaric/own/own/own/own/own/own/own/own/own/own/own/own/prepared/prepared/prepared/prepared/prepared/prepared/strapped/strapped/strapped/strapped/strapped/strapped/innocent/innocent/innocent/innocent/innocent/innocent/innocent/innocent/innocent/innocent/innocent/innocent/innocent/,0.187719298245614,0.396491228070175,0.229528528556489,-0.9347
2017-03-29T08:42:01+0000,,0,0.273,0.727,-0.4588,0.625,NEGATIVE,-0.999879002571106,Awful/Awful/religious/religious/religious/religious/religious/religious/religious/,-0.222222222222222,0.416666666666667,0.535022980637021,0.0565
2016-06-29T16:12:23+0000,,0.12,0.162,0.718,-0.2247,0.393333333333333,NEGATIVE,-0.999839067459106,very poor/very poor/very poor/very poor/very poor/very poor/like/like/dark/medieval/medieval/,-0.297272727272727,0.461818181818182,-0.17561487718062,0.0938
2016-07-24T17:03:30+0000,,0,0,1,0,0.5,NEGATIVE,-0.896365344524384,ordinary/ordinary/ordinary/ordinary/,-0.25,0.5,-0.89244669675827,nan
2017-01-21T19:18:22+0000,,0,0,1,0,0,NEGATIVE,-0.759763300418854,,0,0,0,0.0644
2017-02-03T22:03:43+0000,,0.126,0.095,0.779,0.1779,0.3,NEGATIVE,-0.999902009963989,good/good/good/good/good/good/good/good/good/good/good/good/good/good/good/good/good/good/,0.7,0.6,0.931395292282105,0.2639
2016-07-02T03:28:11+0000,,0,0,1,0,0,POSITIVE,0.998449683189392,,0,0,0,0
2016-06-26T07:57:09+0000,,0,0.268,0.732,-0.296,0,NEGATIVE,-0.997011423110962,,0,0,0,0.0163
2016-06-14T05:20:40+0000,,0,0,1,0,0,NEGATIVE,-0.689885675907135,Subsidise/Subsidise/Subsidise/Subsidise/Subsidise/Subsidise/,0,0,-0.997936367988586,0
2016-06-30T05:53:08+0000,,0.125,0.129,0.745,-0.0516,0.883333333333333,NEGATIVE,-0.948813676834106,absolute/absolute/absolute/absolute/absolute/absolute/absolute/absolute/absolute/absolute/absolute/absolute/absolute/absolute/final/final/final/final/final/final/final/final/final/final/final/final/final/final/great/great/great/great/great/great/,0.223529411764706,0.914705882352941,0.978999081779929,-0.0513
2017-02-21T18:47:40+0000,,0.318,0,0.682,0.6293,0.835,POSITIVE,0.913286328315735,Ur/Ur/Ur/Ur/Ur/Ur/Ur/Ur/Ur/Ur/Ur/Ur/Ur/proud/,0.0571428571428572,0.0714285714285714,-0.705967251743589,0.377
2016-07-25T10:35:32+0000,,0,0,1,0,0.1,NEGATIVE,-0.653555572032929,,0,0,0,0.0217
2016-12-04T06:22:06+0000,,0.167,0,0.833,0.296,0.288888888888889,POSITIVE,0.874939978122711,,0,0,0,0.3318
2016-08-23T14:23:33+0000,,0,0.508,0.492,-0.4767,0,NEGATIVE,-0.99463564157486,,0,0,0,-0.5196
2016-06-30T05:53:08+0000,,0,0,1,0,0,POSITIVE,0.997368693351746,,0,0,0,0.0582
2016-06-18T13:08:13+0000,,0,0,1,0,0,POSITIVE,0.994073927402496,,0,0,0,0
2017-03-29T08:30:18+0000,,0,0,1,0,0.4,NEGATIVE,-0.998073935508728,,0,0,0,0
2016-10-20T12:38:12+0000,,0.218,0.193,0.588,0.0772,0,POSITIVE,0.695790767669678,,0,0,0,0.4742
2016-07-28T22:34:24+0000,,0,0,1,0,0,NEGATIVE,-0.5443354845047,Just sayin/,0,0,-0.5443354845047,0.0488
2017-03-26T10:40:20+0000,,0,0.282,0.718,-0.6705,1,NEGATIVE,-0.922612309455872,as aggressive/as aggressive/violent/violent/violent/Muslim/Muslim/,-0.342857142857143,0.428571428571429,-0.82680903162275,-0.0103
2017-03-24T14:25:41+0000,,0,0,1,0,0,POSITIVE,0.979363739490509,,0,0,0,0
2016-08-23T14:23:33+0000,,0.216,0,0.784,0.0258,0,NEGATIVE,-0.988369226455689,defensive/defensive/,0,0,-0.997465014457703,-0.0598
2016-03-19T10:24:53+0000,,0,0,1,0,0.166666666666667,NEGATIVE,-0.999842762947083,xenophobic/xenophobic/xenophobic/xenophobic/xenophobic/xenophobic/xenophobic/xenophobic/xenophobic/xenophobic/xenophobic/,0,0,-0.989549160003662,-0.1635
2016-09-11T14:24:16+0000,,0,0,1,0,0,POSITIVE,0.959324955940247,,0,0,0,0.1
2016-12-28T08:48:58+0000,,0,0.1,0.9,-0.2732,0,NEGATIVE,-0.999966382980347,ignorant/illiterate/illiterate/barbaric/barbaric/barbaric/barbaric/barbaric/barbaric/barbaric/barbaric/barbaric/barbaric/barbaric/barbaric/barbaric/barbaric/barbaric/,0,0,-0.999942219919629,-0.1335
2016-03-19T10:24:53+0000,,0,0,1,0,0,NEGATIVE,-0.996271014213562,,0,0,0,0
2017-03-08T22:32:33+0000,,0,0.247,0.753,-0.3182,1,NEGATIVE,-0.99946528673172,barbaric/barbaric/barbaric/barbaric/barbaric/barbaric/barbaric/,0,0,-0.999966979026794,-0.3015
2017-03-14T05:56:22+0000,,0.147,0.046,0.807,0.7096,0.225,NEGATIVE,-0.8837109208107,Good/Good/Good/Good/Good/Good/Good/Good/Good/Good/Good/Good/bureaucratic/bureaucratic/bureaucratic/bureaucratic/bureaucratic/bureaucratic/bureaucratic/bureaucratic/bureaucratic/bureaucratic/bureaucratic/bureaucratic/bureaucratic/bureaucratic/bureaucratic/bureaucratic/bureaucratic/throwback unrepresentative/throwback unrepresentative/throwback unrepresentative/medieval/medieval/medieval/medieval/medieval/medieval/medieval/medieval/modern/modern/,0.20952380952381,0.185714285714286,0.0490657942635672,0.734
2017-03-29T09:04:18+0000,,0,0.457,0.543,-0.6369,0,NEGATIVE,-0.999693870544434,Murderous/barbaric/barbaric/barbaric/radical/radical/,0,0,-0.493907223145167,-0.1137
2017-03-19T21:19:32+0000,,0,0,1,0,0.125,NEGATIVE,-0.989105761051178,independent/independent/independent/independent/independent/independent/independent/independent/independent/independent/independent/independent/independent/independent/,0,0.125,0.998295485973358,0.1887
2016-05-09T19:34:12+0000,,0.2,0.255,0.545,-0.1531,0.75,NEGATIVE,-0.973653912544251,lame/lame/lame/lame/lame/lame/lame/,-0.5,0.75,-0.999788224697113,0.3174
2016-07-01T23:50:30+0000,,0,0,1,0,0,NEGATIVE,-0.995665490627289,,0,0,0,0.0926
2017-03-14T22:29:03+0000,,0.623,0,0.377,0.5106,1,POSITIVE,0.99189829826355,impressive/,1,1,0.994203746318817,0.0634
2017-03-19T15:09:04+0000,,0.565,0,0.435,0.5994,0.875,POSITIVE,0.992283165454865,,0,0,0,-0.0168
2016-02-01T22:57:00+0000,,0.084,0.297,0.619,-0.7096,0.333333333333333,NEGATIVE,-0.999777257442474,serious/serious/serious/serious/obscene/obscene/obscene/obscene/obscene/obscene/obscene/obscene/obscene/obscene/obscene/obscene/obscene/,-0.0784313725490196,0.156862745098039,-0.531114462543936,0.1738
2017-03-29T10:05:18+0000,,0.073,0.279,0.649,-0.7506,0.428571428571429,NEGATIVE,-0.995509266853333,barbaric/sick/sick/sick/sick/sick/sick/sick/sick/sick/sick/sick/sick/sick/British/British/,-0.580357142857143,0.696428571428571,-0.755424425005913,-0.5501
2016-11-09T21:37:53+0000,,0,0.483,0.517,-0.4215,0,POSITIVE,0.52814394235611,,0,0,0,-0.3678
2016-03-16T05:04:09+0000,,0,0,1,0,0.533333333333333,POSITIVE,0.995494842529297,pivotal/pivotal/many/modern/modern/,0.38,0.54,0.982036697864533,0.1155
2016-07-03T09:23:21+0000,,0,0.381,0.619,-0.6031,1,NEGATIVE,-0.993281602859497,,0,0,0,-0.5454
2016-10-10T11:21:04+0000,,0.276,0.102,0.622,0.4118,0.627272727272727,NEGATIVE,-0.895504891872406,new/free/free/free/free/free/free/free/free/free/,0.373636363636364,0.765454545454545,0.746936470270157,0.4879
2017-03-20T21:21:35+0000,,0.055,0.269,0.676,-0.9714,0.595185185185185,NEGATIVE,-0.996623635292053,Francethese/latest/latest/latest/latest/latest/barbaric/barbaric/barbaric/barbaric/barbaric/barbaric/barbaric/barbaric/barbaric/barbaric/barbaric/barbaric/barbaric/barbaric/barbaric/barbaric/barbaric/cold/cold/cold/cold/cold/cold/cold/cold/French/French/French/French/French/French/French/French/very real/very real/very real/very real/very real/very real/very real/very real/very real/very real/very real/final/final/final/French/French/French/French/French/French/French/French/French/French/French/French/serious/serious/serious/bloody/bloody/bloody/,-0.04,0.344929577464789,0.174640208902493,-0.6465
2016-08-19T20:40:12+0000,,0.297,0,0.703,0.5859,0.725,POSITIVE,0.990903317928314,Many/Many/Many/Many/Many/Many/successful/successful/successful/successful/,0.6,0.68,0.946047723293304,0.201
2017-01-21T19:18:22+0000,,0.14,0.19,0.67,-0.2263,0,NEGATIVE,-0.843270063400269,double/double/double/double/double/double/double/double/double/double/double/double/double/,0,0,-0.613697826862335,-0.4651
2016-06-22T08:51:17+0000,,0,0,1,0,0,POSITIVE,0.992937028408051,,0,0,0,0
2016-08-23T16:17:17+0000,,0,0.102,0.898,-0.5106,0,NEGATIVE,-0.998765110969544,ludicrious/ludicrious/ludicrious/ludicrious/ludicrious/ludicrious/ludicrious/ludicrious/ludicrious/ludicrious/ludicrious/ludicrious/ludicrious/ludicrious/ludicrious/ludicrious/ludicrious/ludicrious/ludicrious/Italian/Italian/Italian/Italian/Italian/Italian/Italian/Italian/Italian/Italian/Italian/Italian/Italian/Roman/Roman/Roman/Roman/,0,0,-0.267773967650202,0.0167
2016-06-26T07:57:09+0000,,0,0.268,0.732,-0.296,0,NEGATIVE,-0.997011423110962,,0,0,0,0.0163
2016-07-16T15:28:20+0000,,0,0,1,0,0,NEGATIVE,-0.525864779949188,patient/patient/patient/patient/patient/patient/patient/patient/patient/patient/patient/,0,0,0.676388800144196,0.029
2016-05-31T06:08:35+0000,,0.201,0.174,0.625,-0.1027,0.25,NEGATIVE,-0.993138015270233,greater/greater/greater/greater/greater/European/European/,0.357142857142857,0.357142857142857,0.996220316205706,-0.2801
2016-10-05T19:23:40+0000,,0,0.26,0.74,-0.7661,1,NEGATIVE,-0.999982237815857,so horrific/so horrific/so horrific/so horrific/so horrific/so horrific/so horrific/so horrific/so horrific/so horrific/so horrific/so horrific/so horrific/so horrific/,-1,1,-0.999904870986939,-0.0717
2017-03-14T21:22:14+0000,,0,0.279,0.721,-0.2342,1,NEGATIVE,-0.993160367012024,overwhelming/overwhelming/,0.5,1,-0.999264895915985,-0.1776
2016-06-01T10:01:23+0000,,0,0.22,0.78,-0.7351,0.6,POSITIVE,0.595234036445618,violent/internal/internal/internal/almost inevitable/,-0.16,0.4,0.164858019351959,-0.0518
2016-11-16T20:13:37+0000,,0.186,0.527,0.287,-0.8885,1,NEGATIVE,-0.999959230422974,cruel/cruel/cruel/cruel/barbaric/,-0.8,0.8,-0.999523615837097,0.113
2016-10-06T16:11:30+0000,,0,0.196,0.804,-0.875,0.3875,NEGATIVE,-0.999990105628967,total/total/total/total/total/total/total/total/total/total/total/total/total/total/total/total/total/total/total/total/total/total/total/total/total/total/total/total/filthier/filthier/filthier/filthier/filthier/filthier/filthier/filthier/filthier/filthier/filthier/filthier/filthier/filthier/filthier/filthier/filthier/filthier/filthier/filthier/filthier/filthier/,0,0.42,0.118067090511322,-0.773
2017-03-19T20:56:50+0000,,0.276,0.061,0.663,0.6369,0,POSITIVE,0.831254959106445,Roman/Roman/Roman/,0,0,-0.752468824386597,0.529
2017-02-21T11:30:26+0000,,0,0,1,0,0.25,POSITIVE,0.98906147480011,medieval/medieval/medieval/medieval/medieval/,0,0,0.769038915634155,0.0954
2016-03-19T10:24:53+0000,,0,0,1,0,0.6875,NEGATIVE,-0.998186051845551,,0,0,0,0.1041
2016-08-23T14:23:33+0000,,0,0.508,0.492,-0.4767,0,NEGATIVE,-0.99463564157486,,0,0,0,-0.5196
2017-03-21T08:28:30+0000,,0.192,0.143,0.664,0.1027,0.625,NEGATIVE,-0.994458675384522,past/past/past/past/past/past/past/past/worst/worst/worst/worst/worst/worst/worst/worst/worst/,-0.647058823529412,0.647058823529412,-0.919726091272691,0.5605
2016-10-11T21:27:49+0000,,0,0,1,0,0.253472222222222,NEGATIVE,-0.972213745117188,really old/really old/really old/really old/really old/really old/really old/really old/really old/really old/really old/really old/really old/really old/really old/really old/really old/really old/really old/same/same/same/same/same/same/same/,0.0730769230769231,0.179807692307692,-0.592263627510804,0.3051
2016-11-09T21:37:53+0000,,0,0.815,0.185,-0.6597,0.7,NEGATIVE,-0.952015340328217,,0,0,0,-0.5994
2017-02-10T09:44:26+0000,,0.252,0,0.748,0.4019,0,POSITIVE,0.753733277320862,just/just/,0,0,0.541298985481262,0.453
2016-10-03T20:20:23+0000,,0,0,1,0,1,NEGATIVE,-0.995787560939789,own/own/own/own/own/,0.6,1,0.966281414031982,0.1056
2017-02-17T08:57:03+0000,,0.545,0,0.455,0.7184,0.8,POSITIVE,0.666732728481293,free/free/,0.4,0.8,0.718963265419006,0.4939
2017-03-25T18:33:19+0000,,0,0,1,0,0.25,POSITIVE,0.530949711799622,rival/rival/rival/rival/rival/rival/equally uncontaminated/equally uncontaminated/equally uncontaminated/,0,0.0833333333333333,-0.936616281668345,0.0833
2017-03-25T18:33:19+0000,,0.076,0.072,0.853,0.0772,0.288718820861678,NEGATIVE,-0.8088019490242,full/full/full/full/full/full/full/full/full/full/full/full/full/full/social/social/social/social/spiritual/spiritual/spiritual/spiritual/spiritual/spiritual/spiritual/spiritual/spiritual/spiritual/spiritual/spiritual/spiritual/ancient/ancient/ancient/ancient/ancient/ancient/ancient/ancient/ancient/ancient/ancient/ancient/ancient/ancient/ancient/ancient/ancient/ancient/ancient/ancient/ancient/ancient/ancient/ancient/ancient/ancient/ancient/basic/basic/basic/basic/basic/,0.0798941798941799,0.163888888888889,0.840148857661656,0.5862
2016-10-05T23:39:33+0000,,0,0,1,0,0.333333333333333,NEGATIVE,-0.802533566951752,first/first/first/first/first/first/first/first/first/,0.25,0.333333333333333,0.91229122877121,-0.0248
2016-08-13T07:58:33+0000,,0.129,0.098,0.773,0.1531,0.4,NEGATIVE,-0.97078537940979,round/round/round/round/,-0.2,0.4,0.886462688446045,-0.0614
2016-10-08T19:08:52+0000,,0,0,1,0,0,NEGATIVE,-0.845807254314423,,0,0,0,nan
2017-03-29T06:42:23+0000,,0,0,1,0,0.3,NEGATIVE,-0.514141798019409,real/real/real/real/,0.2,0.3,0.999257981777191,0.1229
2016-07-16T15:16:58+0000,,0,0.127,0.873,-0.3252,0,POSITIVE,0.80657684803009,SOVEREIGN/SOVEREIGN/SOVEREIGN/SOVEREIGN/SOVEREIGN/SOVEREIGN/SOVEREIGN/SOVEREIGN/SOVEREIGN/SOVEREIGN/,0,0,0.997975051403046,0.4928
2016-06-08T14:15:44+0000,,0.057,0.132,0.81,-0.5859,0.433333333333333,NEGATIVE,-0.999526619911194,wrong/wrong/wrong/wrong/wrong/wrong/wrong/wrong/wrong/wrong/wrong/wrong/wrong/wrong/wrong/wrong/wrong/wrong/wrong/wrong/wrong/wrong/wrong/wrong/wrong/wrong/wrong/wrong/wrong/wrong/wrong/wrong/wrong/wrong/wrong/wrong/wrong/wrong/bankrupt/bankrupt/,-0.475,0.854999999999999,-0.994647058844566,0.6216
2016-09-16T07:03:21+0000,,0,0,1,0,0,NEGATIVE,-0.998486638069153,,0,0,0,0.0409
2016-06-22T08:51:17+0000,,0,0,1,0,0,POSITIVE,0.992937028408051,,0,0,0,0
2016-11-17T19:05:11+0000,,0.174,0,0.826,0.2732,0.4,NEGATIVE,-0.844731330871582,current/current/current/current/current/current/current/current/current/current/,0,0.4,0.990123212337494,0.1782
2016-11-16T22:54:10+0000,,0.123,0.187,0.69,-0.3182,0.694444444444444,NEGATIVE,-0.999945640563965,first/first/first/cruel/cruel/cruel/totally barbaric/,-0.321428571428571,0.678571428571429,-0.180188987936292,0.4027
2016-11-24T15:16:43+0000,,0,0.231,0.769,-0.6369,0,NEGATIVE,-0.999704658985138,pissed/pissed/pissed/pissed/pissed/pissed/,0,0,-0.997576057910919,nan
2016-07-21T15:53:54+0000,,0,0,1,0,0,POSITIVE,0.80417412519455,,0,0,0,0.1106
2016-05-04T22:26:19+0000,,0,0,1,0,0,NEGATIVE,-0.984517276287079,,0,0,0,0
2016-06-22T08:46:56+0000,,0.115,0,0.885,0.0772,0,NEGATIVE,-0.994286000728607,,0,0,0,0.1266
2016-06-01T10:01:23+0000,,0,0.11,0.89,-0.1531,0,NEGATIVE,-0.991035580635071,,0,0,0,0.0026
2016-09-30T23:28:36+0000,,0.624,0,0.376,0.891,0.9,POSITIVE,0.964610278606415,Bristish/Bristish/Bristish/fair/fair/fair/fair/,0.4,0.514285714285714,-0.997154261384692,0.8523
2016-05-28T18:49:36+0000,,0,0.231,0.769,-0.8316,0.376515151515152,NEGATIVE,-0.976496875286102,short/short/short/short/short/short/short/short/short/short/short/short/short/short/short/short/short/short/short/other/other/other/other/other/other/,-0.03,0.318,-0.53778258562088,-0.7041
2016-07-14T18:21:12+0000,,0,0.233,0.767,-0.7501,0.29375,NEGATIVE,-0.999653697013855,extremely poor/financial/financial/financial/financial/financial/financial/financial/financial/financial/financial/fragment/fragment/fragment/fragment/fragment/fragment/fragment/fragment/,-0.0210526315789474,0.0315789473684211,0.0472948300211053,0.1939
2016-12-04T06:22:06+0000,,0,0,1,0,0.5,POSITIVE,0.994872152805328,common/common/,-0.3,0.5,0.717638969421387,0.0459
2017-02-18T22:58:43+0000,,0,0.072,0.928,-0.2924,0.54,NEGATIVE,-0.999692320823669,fug/fug/fug/fug/fug/fug/high/high/high/high/high/high/high/high/high/high/,0.1,0.3375,0.209188751876354,-0.2118
2016-08-01T17:03:45+0000,,0,0.256,0.744,-0.6697,0.375,NEGATIVE,-0.8853440284729,totally repressed/totally repressed/totally repressed/medieval/medieval/medieval/medieval/medieval/medieval/medieval/medieval/medieval/medieval/medieval/frightened/frightened/frightened/,0,0.132352941176471,0.145186729290906,-0.0551
2017-03-03T15:25:58+0000,,0.112,0,0.888,0.34,0,NEGATIVE,-0.970757842063904,British/British/British/British/British/British/British/British/British/British/British/British/British/British/British/British/,0,0,0.95611697435379,0.3841
2016-11-09T21:37:53+0000,,0,0,1,0,0,NEGATIVE,-0.999271929264069,American/American/,0,0,0.940539538860321,0.0302
2017-03-07T07:21:03+0000,,0.14,0.163,0.698,0.0772,0.333333333333333,NEGATIVE,-0.999168634414673,oppressive/oppressive/oppressive/oppressive/oppressive/oppressive/oppressive/oppressive/oppressive/oppressive/oppressive/oppressive/much/much/much/much/much/,0.0588235294117647,0.0588235294117647,-0.440486978082096,0.7303
2016-11-16T20:13:37+0000,,0.186,0.527,0.287,-0.8885,1,NEGATIVE,-0.999959230422974,cruel/cruel/cruel/cruel/barbaric/,-0.8,0.8,-0.999523615837097,0.113
2016-05-15T21:03:09+0000,,0,0,1,0,0.25,NEGATIVE,-0.999395251274109,recent/recent/recent/recent/recent/recent/unwise/unwise/unwise/unwise/unwise/unwise/unwise/,0,0.115384615384615,-0.0735844190304096,0.0199
2016-11-16T19:22:58+0000,,0,0,1,0,0,NEGATIVE,-0.999521732330322,,0,0,0,0.0457
2016-10-31T03:34:58+0000,,0.273,0,0.727,0.4588,0.9,NEGATIVE,-0.900035083293915,Islamic/Islamic/Islamic/welcome/,0.2,0.225,0.968239203095436,0.0127
2016-06-11T12:47:32+0000,,0,0,1,0,0,POSITIVE,0.989346563816071,,0,0,0,0.1465
2017-02-10T09:44:26+0000,,0.142,0.148,0.71,-0.0263,0.4375,NEGATIVE,-0.996415615081787,modern/modern/modern/modern/modern/modern/free/free/free/capable/capable/capable/logical/logical/logical/,0.25,0.41,0.940621650218964,0.2345
2016-09-30T11:42:11+0000,,0,0,1,0,0,NEGATIVE,-0.953258275985718,,0,0,0,0.0713
2017-03-20T00:07:02+0000,,0.255,0,0.745,0.34,0.571428571428571,NEGATIVE,-0.98895263671875,,0,0,0,0.0886
2016-10-24T11:07:18+0000,,0.105,0.093,0.802,0.0772,0.3,NEGATIVE,-0.741743624210358,,0,0,0,0.3446
2016-05-14T19:57:21+0000,,0,0.348,0.652,-0.5875,0.425,NEGATIVE,-0.998565971851349,good/good/good/good/BRITISH/BRITISH/,0.466666666666667,0.4,0.939635852972666,0.2108
2016-10-05T13:05:37+0000,,0.129,0.062,0.809,0.3818,0.313333333333333,NEGATIVE,-0.999889373779297,VACANT/BRITISH/BRITISH/BRITISH/BRITISH/BRITISH/BRITISH/BRITISH/BRITISH/BRITISH/BRITISH/BRITISH/BRITISH/BRITISH/BRITISH/BRITISH/BRITISH/BRITISH/BRITISH/BRITISH/BRITISH/BRITISH/BRITISH/BRITISH/BRITISH/BRITISH/BRITISH/MOST/MOST/MOST/MOST/MOST/MOST/MOST/MOST/MOST/MOST/MOST/MOST/MOST/MOST/MOST/MOST/MOST/MOST/MOST/MOST/MOST/MOST/MOST/MOST/MOST/,0.240384615384615,0.240384615384615,0.913357364443632,0.7853
2016-07-16T09:00:58+0000,,0.241,0.204,0.556,0.1027,0,NEGATIVE,-0.998549520969391,stronger/stronger/stronger/stronger/stronger/stronger/stronger/,0,0,0.998615264892578,0.3911
2016-09-19T13:34:04+0000,,0,0.116,0.884,-0.4404,0,NEGATIVE,-0.99940824508667,uneducated/barbaric/backward/backward/backward/backward/backward/backward/backward/backward/backward/backward/backward/backward/,0,0,-0.99958746773856,-0.2346
2016-07-14T18:21:12+0000,,0,0,1,0,0,NEGATIVE,-0.536049783229828,,0,0,0,0.0644
2016-10-24T20:50:15+0000,,0,0.697,0.303,-0.7845,1,NEGATIVE,-0.998663425445557,selfish/selfish/cruel/,-0.666666666666667,1,-0.991165081659953,0.0786
2017-03-16T21:53:38+0000,,0,0,1,0,0,POSITIVE,0.987640559673309,middle/middle/middle/middle/middle/middle/,0,0,-0.99587219953537,0.194
2016-06-22T21:08:06+0000,,0.592,0,0.408,0.4404,0.5,POSITIVE,0.975747227668762,,0,0,0,0.0544
2016-09-11T14:20:48+0000,,0,0.328,0.672,-0.5994,0,NEGATIVE,-0.990173697471619,,0,0,0,0.1337
2016-07-16T09:00:58+0000,,0.241,0.204,0.556,0.1027,0,NEGATIVE,-0.998549520969391,stronger/stronger/stronger/stronger/stronger/stronger/stronger/,0,0,0.998615264892578,0.3911
2017-03-21T08:28:30+0000,,0.16,0,0.84,0.6369,0.15,POSITIVE,0.895859301090241,middle/middle/middle/middle/best/best/best/best/best/best/best/best/best/ancient/Roman/Roman/Roman/Roman/Roman/,0.473684210526316,0.142105263157895,0.102535828163749,0.3762
2017-03-08T15:15:36+0000,,0,0.219,0.781,-0.6369,0,NEGATIVE,-0.995163440704346,,0,0,0,nan
2016-07-14T18:21:12+0000,,0,0.212,0.788,-0.284,0.75,NEGATIVE,-0.567135870456696,great/great/great/great/,0.8,0.75,0.99007648229599,0.0391
2016-06-08T14:15:44+0000,,0,0.636,0.364,-0.5423,0,POSITIVE,0.941973268985748,,0,0,0,-0.5176
2017-02-13T19:12:51+0000,,0.095,0.053,0.851,0.3612,0.251984126984127,NEGATIVE,-0.966557204723358,Pro/-/European/European/European/European/European/European/European/nightmarish/nightmarish/nightmarish/nightmarish/nightmarish/nightmarish/financial/financial/financial/large/large/large/large/large/large/large/large/individual/individual/individual/individual/individual/individual/individual/individual/individual/individual/individual/individual/individual/individual/individual/individual/individual/individual/mainly Muslim/mainly Muslim/mainly Muslim/mainly Muslim/mainly Muslim/mainly Muslim/mainly Muslim/mainly Muslim/mainly Muslim/medieval/medieval/,0.0584415584415584,0.247792207792208,0.186810856515711,0.6638
2016-11-19T17:56:26+0000,,0,0.316,0.684,-0.8519,0.6,NEGATIVE,-0.99888676404953,pure/pure/pure/pure/pure/pure/pure/pure/pure/pure/many/many/violent/violent/violent/violent/violent/medieval/medieval/,-0.0451127819548872,0.578947368421053,0.441321285147416,0.1789
2017-02-20T07:08:18+0000,,0,0,1,0,0.4,NEGATIVE,-0.965741574764252,completely interwoven/completely interwoven/completely interwoven/completely interwoven/completely interwoven/completely interwoven/completely interwoven/completely interwoven/completely interwoven/completely interwoven/completely interwoven/completely interwoven/completely interwoven/completely interwoven/completely interwoven/completely interwoven/completely interwoven/completely interwoven/completely interwoven/completely interwoven/completely interwoven/completely interwoven/completely interwoven/,0.1,0.4,0.949595808982849,0.0822
2017-01-21T15:57:14+0000,,0,0,1,0,0.194444444444444,NEGATIVE,-0.997283577919006,political/political/political/political/political/political/political/political/political/,0,0.1,0.706427097320557,0.2708
2016-07-25T16:30:29+0000,,0.231,0,0.769,0.5859,0,NEGATIVE,-0.999596059322357,,0,0,0,0.662
2016-06-28T15:57:22+0000,,0.258,0.176,0.566,0.5574,0.7,NEGATIVE,-0.998412847518921,collective/collective/collective/collective/collective/collective/collective/collective/collective/collective/collective/collective/collective/collective/collective/collective/collectively worse/collectively worse/collectively worse/collectively worse/collectively worse/,-0.0952380952380952,0.142857142857143,0.521868785222372,-0.1307
2017-01-19T11:41:05+0000,,0,0.554,0.446,-0.357,0.9,NEGATIVE,-0.999941229820252,welcome/,0.8,0.9,0.968922138214111,0.1095
2017-01-29T22:10:33+0000,,0,0,1,0,0.2,POSITIVE,0.999203503131867,middle/middle/,0,0,-0.99587219953537,0.2416
2017-02-14T17:55:41+0000,,0,0,1,0,0.227272727272727,POSITIVE,0.873435139656067,new/new/new/new/new/new/new/new/new/new/new/new/new/new/new/new/new/new/,0.136363636363636,0.454545454545454,0.998695313930512,0.2387
2016-11-17T08:51:42+0000,,0,0,1,0,0.575,NEGATIVE,-0.999847292900085,barbaric/barbaric/barbaric/barbaric/barbaric/barbaric/barbaric/barbaric/barbaric/,0,0,-0.999966979026794,0.2943
2016-03-19T10:24:53+0000,,0,0,1,0,0.3,NEGATIVE,-0.715980529785156,How many/How many/How many/How many/How many/How many/How many/How many/How many/How many/How many/How many/,0.5,0.5,0.731850504875183,0.0789
2016-08-18T19:43:01+0000,,0.091,0.112,0.797,-0.1531,0.13125,NEGATIVE,-0.822975099086762,specific/historical/historical/historical/historical/Italian/Italian/Italian/Italian/Italian/broken/broken/broken/broken/broken/broken/broken/broken/broken/broken/broken/broken/broken/broken/,-0.233333333333333,0.238541666666667,-0.179472682376703,0.1432
2016-12-04T06:22:06+0000,,0,0,1,0,0,NEGATIVE,-0.729541182518005,,0,0,0,-0.142
2016-05-15T14:06:32+0000,,0,0,1,0,0.5,NEGATIVE,-0.611089408397675,bigger/bigger/bigger/bigger/bigger/bigger/,0,0.5,0.740453541278839,0.048
2016-11-17T19:05:11+0000,,0.092,0.117,0.792,-0.1531,0.566666666666667,NEGATIVE,-0.994594752788544,such/such/such/such/laughably incredible/laughably incredible/very/very/very/very/very/very/very/very/very/very/very/,0.235294117647059,0.417647058823529,0.709022174863254,-0.2084
2015-09-17T00:24:54+0000,,0,0,1,0,0,POSITIVE,0.974414050579071,,0,0,0,0.1108
2017-03-16T21:53:38+0000,,0,0,1,0,0,POSITIVE,0.987640559673309,middle/middle/middle/middle/middle/middle/,0,0,-0.99587219953537,0.194
2016-05-31T21:57:08+0000,,0,0,1,0,0,POSITIVE,0.978904783725739,,0,0,0,0.0821
2016-10-24T11:07:18+0000,,0.19,0.175,0.635,0.0516,0.485714285714286,NEGATIVE,-0.87827605009079,dark/,-0.15,0.4,0.543442249298096,0.214
2017-02-03T08:13:21+0000,,0.382,0.176,0.441,0.4215,0,NEGATIVE,-0.999899983406067,barbaric/barbaric/barbaric/barbaric/barbaric/barbaric/barbaric/,0,0,-0.999966979026794,0.0414
2016-06-22T21:53:24+0000,,0.178,0.17,0.652,0.0772,0.866666666666667,POSITIVE,0.998442590236664,Funny/Funny/Funny/Funny/Funny/Funny/Funny/Funny/Funny/Funny/Funny/Funny/nasty/Muslim/Muslim/Muslim/Muslim/Muslim/Muslim/Muslim/Muslim/Muslim/Muslim/Muslim/Muslim/Muslim/Muslim/Muslim/Muslim/Muslim/Muslim/,0.0645161290322581,0.419354838709677,-0.131491974476845,0.1731
2016-11-27T17:38:44+0000,,0.339,0,0.661,0.6249,0.75,POSITIVE,0.994451701641083,,0,0,0,0.0809
2016-03-08T10:16:17+0000,,0,0,1,0,0.125,NEGATIVE,-0.939911663532257,social/social/social/social/social/social/social/same/,0,0.015625,-0.675625309348106,0.2447
2016-04-19T22:07:17+0000,,0,0,1,0,0,POSITIVE,0.979363739490509,,0,0,0,0
2016-12-03T18:23:28+0000,,0,0.104,0.896,-0.296,0,NEGATIVE,-0.995620429515839,Roman/Roman/Roman/Roman/,0,0,-0.752468824386597,nan
2016-06-02T07:42:28+0000,,0,0.204,0.796,-0.3182,0,NEGATIVE,-0.99530702829361,heavily British/heavily British/heavily British/heavily British/heavily British/heavily British/heavily British/heavily British/,0,0,-0.884465157985687,-0.1529
2016-10-11T19:19:12+0000,,0,0,1,0,0,NEGATIVE,-0.996145725250244,,0,0,0,0
2016-09-27T11:42:58+0000,,0,0,1,0,0,POSITIVE,0.510614156723023,,0,0,0,0
2017-03-26T10:40:20+0000,,0.122,0,0.878,0.3612,0,POSITIVE,0.998383641242981,,0,0,0,0.045
2016-06-13T20:30:25+0000,,0.162,0,0.838,0.6597,0.315277777777778,POSITIVE,0.998449563980103,political/political/political/political/political/able/able/able/able/able/able/psychological/psychological/psychological/psychological/psychological/wildly excitable/wildly excitable/wildly excitable/wildly excitable/wildly excitable/wildly excitable/wildly excitable/wildly excitable/wildly excitable/wildly excitable/wildly excitable/,0.151851851851852,0.338888888888889,0.943390627702077,0.3754
2016-05-26T11:26:59+0000,,0,0.352,0.648,-0.8225,0.266666666666667,NEGATIVE,-0.999599874019623,poor/poor/poor/poor/poor/poor/poor/poor/poor/poor/poor/much/much/much/,-0.271428571428571,0.514285714285714,-0.592201560735703,-0.6978
2016-08-24T05:15:29+0000,,0.161,0,0.839,0.3182,0,NEGATIVE,-0.998383402824402,,0,0,0,0.3957
2016-05-23T07:16:58+0000,,0.286,0,0.714,0.6808,0.5,POSITIVE,0.95731908082962,such/such/such/such/such/such/such/such/such/such/such/such/such/influential/influential/influential/influential/,0,0.382352941176471,0.907762394231908,0.6354
2016-06-01T10:01:23+0000,,0,0,1,0,0.666666666666667,NEGATIVE,-0.986555099487305,dramatic/dramatic/,-0.433333333333333,0.6,0.992538034915924,0.2949
2016-06-02T07:42:28+0000,,0,0,1,0,0,POSITIVE,0.739833295345306,,0,0,0,0
2016-06-23T15:02:49+0000,,0,0,1,0,0.0333333333333333,NEGATIVE,-0.605005860328674,last/British/British/,0,0.0222222222222222,0.85132775704066,0.1115
2017-02-28T16:10:29+0000,,0,0,1,0,0.3,NEGATIVE,-0.938934087753296,dutch/dutch/dutch/dutch/dutch/dutch/reasonable/reasonable/reasonable/British/British/British/,0.05,0.15,0.779904052615166,0.2677
2016-10-05T11:50:55+0000,,0,0,1,0,0,POSITIVE,0.994360983371735,IndianChineseAmerican/IndianChineseAmerican/IndianChineseAmerican/IndianChineseAmerican/IndianChineseAmerican/IndianChineseAmerican/IndianChineseAmerican/IndianChineseAmerican/IndianChineseAmerican/IndianChineseAmerican/IndianChineseAmerican/,0,0,0.980391502380371,0.0727
2016-11-12T08:03:37+0000,,0,0.158,0.842,-0.3089,0,NEGATIVE,-0.999647378921509,,0,0,0,-0.3456
2016-05-13T13:18:02+0000,,0.198,0,0.802,0.4939,0.25,POSITIVE,0.879703938961029,,0,0,0,0.5499
2016-06-24T22:44:39+0000,,0.211,0.119,0.67,0.4215,0.375,POSITIVE,0.959860622882843,great/great/great/great/great/great/great/,0.8,0.75,0.99007648229599,-0.0745
2016-06-01T10:01:23+0000,,0,0,1,0,0,NEGATIVE,-0.993704497814179,,0,0,0,0
2016-04-16T13:19:58+0000,,0,0.275,0.725,-0.886,0.545833333333333,NEGATIVE,-0.985859453678131,particular/particular/particular/particular/particular/particular/particular/particular/particular/particular/particular/unhappy/unhappy/unhappy/unhappy/unhappy/unhappy/unhappy/unhappy/unhappy/unhappy/unhappy/unhappy/unhappy/unhappy/unhappy/even at worst/even at worst/even at worst/even at worst/even at worst/even at worst/,-0.411458333333333,0.723958333333333,-0.319092307239771,0.2788
2016-09-02T10:41:54+0000,,0.192,0.139,0.669,0.1615,0.25,NEGATIVE,-0.999885201454163,small/cognitive/cognitive/cognitive/cognitive/cognitive/cognitive/cognitive/cognitive/cognitive/,-0.025,0.04,0.800228154659271,0.2792
2017-03-25T01:40:16+0000,,0,0,1,0,0.75,NEGATIVE,-0.988741934299469,pure/pure/pure/absurd/,0.0357142857142857,0.625,0.498895958065987,0.0517
2016-06-18T13:08:13+0000,,0,0,1,0,0,POSITIVE,0.967334389686585,,0,0,0,0
2017-03-15T15:34:09+0000,,0,0,1,0,0,NEGATIVE,-0.982246518135071,,0,0,0,0
2017-03-28T20:11:54+0000,,0.053,0,0.947,0.3612,0.5,NEGATIVE,-0.992129981517792,ready/ready/ready/ready/ready/ready/ready/ready/ready/ready/ready/ready/ready/ready/ready/ready/ready/ready/ready/common/common/common/common/common/common/common/common/common/common/common/common/common/common/common/common/common/common/common/common/common/common/common/common/common/common/,-0.0888888888888888,0.5,0.814682189623515,0.455
2016-12-08T23:15:24+0000,,0,0,1,0,0,NEGATIVE,-0.932877838611603,,0,0,0,-0.0857
2016-07-14T18:21:12+0000,,0,0,1,0,0,NEGATIVE,-0.84498542547226,cosy/cosy/cosy/cosy/cosy/cosy/cosy/cosy/cosy/cosy/cosy/eternal/eternal/eternal/eternal/eternal/eternal/eternal/,0,0,0.982692764865028,0.1145
2016-07-16T23:56:12+0000,,0,0.145,0.855,-0.296,0,NEGATIVE,-0.995967984199524,medieval/medieval/medieval/medieval/medieval/medieval/medieval/medieval/,0,0,0.769038915634155,0.1497
2017-03-25T18:33:19+0000,,0,0,1,0,0,POSITIVE,0.982519507408142,,0,0,0,0
2016-09-11T18:14:28+0000,,0.176,0,0.824,0.5927,0.6,POSITIVE,0.966746270656586,good/good/,0.7,0.6,0.931395292282105,0.1218
2017-03-25T01:40:16+0000,,0,0,1,0,0,POSITIVE,0.982983827590942,,0,0,0,0
2016-06-24T20:00:02+0000,,0,0,1,0,0.75,NEGATIVE,-0.845493972301483,,0,0,0,0
2016-07-16T15:16:58+0000,,0,0.1,0.9,-0.0572,0,NEGATIVE,-0.997659802436829,CIVILISED/CIVILISED/CIVILISED/,0,0,0.974110841751099,0.037
2016-06-22T08:46:56+0000,,0.096,0.056,0.848,0.34,0.56,NEGATIVE,-0.981609404087067,British/British/British/British/British/British/free/free/free/corrupt/corrupt/corrupt/corrupt/corrupt/British/British/British/British/British/British/British/British/British/British/British/British/own/own/,-0.00357142857142857,0.335714285714286,0.582373074122838,0.0558
2016-06-24T00:26:31+0000,,0.224,0,0.776,0.3818,0,NEGATIVE,-0.500285744667053,,0,0,0,0.4245
2016-06-18T13:08:13+0000,,0.052,0.102,0.846,-0.3182,0.516666666666667,POSITIVE,0.866179764270783,controversial/controversial/controversial/controversial/controversial/controversial/controversial/controversial/controversial/controversial/controversial/controversial/controversial/controversial/controversial/controversial/controversial/controversial/controversial/most/most/most/most/most/most/most/most/most/most/most/human/human/human/human/human/human/human/human/human/human/human/,0.389024390243902,0.601219512195122,0.0874059083985119,nan
2016-11-09T21:37:53+0000,,0,0,1,0,0,POSITIVE,0.995739579200745,,0,0,0,0.0128
2016-03-19T10:24:53+0000,,0.174,0,0.826,0.2732,0.264285714285714,POSITIVE,0.998935401439667,large/large/large/large/large/technical/technical/,0.153061224489796,0.33469387755102,-0.291655267987932,0.2375
2017-02-14T19:46:47+0000,,0,0,1,0,0,POSITIVE,0.997860372066498,flipping/flipping/flipping/,0,0,0.983007073402405,0
2016-10-30T18:48:23+0000,,0.223,0.27,0.507,-0.2455,0,NEGATIVE,-0.999908447265625,,0,0,0,0.7929
2016-03-08T10:16:17+0000,,0,0,1,0,0,NEGATIVE,-0.999272048473358,,0,0,0,0
2016-07-20T21:32:58+0000,,0,0.474,0.526,-0.743,1,NEGATIVE,-0.998847126960754,stupid/stupid/,-0.8,1,-0.990953207015991,-0.2019
2016-05-31T06:08:35+0000,,0,0,1,0,0,POSITIVE,0.964538633823395,,0,0,0,0
